cmc_rank,symbol,num_market_pairs,tags,max_supply,circulating_supply,self_reported_circulating_supply,self_reported_market_cap,tvl_ratio,last_updated,volume_24h_usd
1,BTC,10121,mineable|pow|sha-256|store-of-value|state-channel|coinbase-ventures-portfolio|three-arrows-capital-portfolio|polychain-capital-portfolio|binance-labs-portfolio|blockchain-capital-portfolio|boostvc-portfolio|cms-holdings-portfolio|dcg-portfolio|dragonfly-capital-portfolio|electric-capital-portfolio|fabric-ventures-portfolio|framework-ventures-portfolio|galaxy-digital-portfolio|huobi-capital-portfolio|alameda-research-portfolio|a16z-portfolio|1confirmation-portfolio|winklevoss-capital-portfolio|usv-portfolio|placeholder-ventures-portfolio|pantera-capital-portfolio|multicoin-capital-portfolio|paradigm-portfolio|btc-ecosystem,21000000.0,19329193.0,,,,2023-03-27T00:40:00.000Z,13932646931.851572
2,ETH,6639,pos|smart-contracts|ethereum-ecosystem|coinbase-ventures-portfolio|three-arrows-capital-portfolio|polychain-capital-portfolio|binance-labs-portfolio|blockchain-capital-portfolio|boostvc-portfolio|cms-holdings-portfolio|dcg-portfolio|dragonfly-capital-portfolio|electric-capital-portfolio|fabric-ventures-portfolio|framework-ventures-portfolio|hashkey-capital-portfolio|kenetic-capital-portfolio|huobi-capital-portfolio|alameda-research-portfolio|a16z-portfolio|1confirmation-portfolio|winklevoss-capital-portfolio|usv-portfolio|placeholder-ventures-portfolio|pantera-capital-portfolio|multicoin-capital-portfolio|paradigm-portfolio|injective-ecosystem,,122373866.2178,,,,2023-03-27T00:40:00.000Z,7007912789.904697
3,USDT,50191,payments|stablecoin|asset-backed-stablecoin|avalanche-ecosystem|solana-ecosystem|arbitrum-ecosytem|moonriver-ecosystem|injective-ecosystem|bnb-chain|usd-stablecoin|optimism-ecosystem,,79022291662.57704,,,,2023-03-27T00:40:00.000Z,21508354801.04919
4,BNB,1231,marketplace|centralized-exchange|payments|smart-contracts|alameda-research-portfolio|multicoin-capital-portfolio|bnb-chain,,157889536.18021205,,,,2023-03-27T00:40:00.000Z,365496650.20803446
5,USDC,11164,medium-of-exchange|stablecoin|asset-backed-stablecoin|fantom-ecosystem|arbitrum-ecosytem|moonriver-ecosystem|bnb-chain|usd-stablecoin|optimism-ecosystem,,33883082551.477314,,,,2023-03-27T00:40:00.000Z,3313321814.948442
6,XRP,908,medium-of-exchange|enterprise-solutions|arrington-xrp-capital-portfolio|galaxy-digital-portfolio|a16z-portfolio|pantera-capital-portfolio,100000000000.0,50950912949.0,,,,2023-03-27T00:40:00.000Z,1065984789.5729462
7,ADA,746,dpos|pos|platform|research|smart-contracts|staking|cardano-ecosystem|cardano,45000000000.0,34730859225.319,,,,2023-03-27T00:40:00.000Z,217840607.64080912
8,MATIC,634,platform|enterprise-solutions|zero-knowledge-proofs|scaling|state-channel|coinbase-ventures-portfolio|layer-2|binance-launchpad|binance-labs-portfolio|polygon-ecosystem|moonriver-ecosystem|injective-ecosystem,10000000000.0,9080469069.28493,,,,2023-03-27T00:40:00.000Z,273837727.7354025
9,DOGE,667,mineable|pow|scrypt|medium-of-exchange|memes|payments|doggone-doggerel|bnb-chain,,132670764299.89409,,,,2023-03-27T00:40:00.000Z,227762730.79141495
10,SOL,449,pos|platform|solana-ecosystem|cms-holdings-portfolio|kenetic-capital-portfolio|alameda-research-portfolio|multicoin-capital-portfolio|okex-blockdream-ventures-portfolio,,383900255.7670211,,,,2023-03-27T00:40:00.000Z,226726842.69184843
11,BUSD,6478,stablecoin|asset-backed-stablecoin|binance-chain|harmony-ecosystem|moonriver-ecosystem|usd-stablecoin|optimism-ecosystem,,8024348810.993376,,,,2023-03-27T00:40:00.000Z,2649737163.4934564
12,DOT,487,substrate|polkadot|binance-chain|polkadot-ecosystem|three-arrows-capital-portfolio|polychain-capital-portfolio|arrington-xrp-capital-portfolio|blockchain-capital-portfolio|boostvc-portfolio|cms-holdings-portfolio|coinfund-portfolio|fabric-ventures-portfolio|fenbushi-capital-portfolio|hashkey-capital-portfolio|kenetic-capital-portfolio|1confirmation-portfolio|placeholder-ventures-portfolio|pantera-capital-portfolio|exnetwork-capital-portfolio|web3|spartan-group|injective-ecosystem|bnb-chain,,1193385056.2010775,904869778.0,5468416002.21258,,2023-03-27T00:40:00.000Z,107945800.04942425
13,LTC,895,mineable|pow|scrypt|medium-of-exchange,84000000.0,72570401.8221777,,,,2023-03-27T00:40:00.000Z,486387158.033151
14,SHIB,495,memes|ethereum-ecosystem|doggone-doggerel,,589543169114352.9,,,,2023-03-27T00:40:00.000Z,126007302.43158911
15,TRX,745,media|payments|tron-ecosystem,,91098289505.9538,71659659264.0,4597365776.695796,,2023-03-27T00:40:00.000Z,197961013.83914873
16,AVAX,393,defi|smart-contracts|three-arrows-capital-portfolio|polychain-capital-portfolio|avalanche-ecosystem|cms-holdings-portfolio|dragonfly-capital-portfolio|moonriver-ecosystem|injective-ecosystem,720000000.0,325782800.40750355,,,,2023-03-27T00:40:00.000Z,118739704.2207962
17,DAI,2044,defi|stablecoin|asset-backed-stablecoin|ethereum-ecosystem|avalanche-ecosystem|polygon-ecosystem|fantom-ecosystem|arbitrum-ecosytem|harmony-ecosystem|moonriver-ecosystem|bnb-chain|usd-stablecoin|optimism-ecosystem,,5432075543.1061125,,,,2023-03-27T00:40:00.000Z,97509095.40823992
18,WBTC,1021,medium-of-exchange|defi|wrapped-tokens|fantom-ecosystem|arbitrum-ecosytem|moonriver-ecosystem|optimism-ecosystem|btc-ecosystem,,150250.54425694,,,,2023-03-27T00:40:00.000Z,103720005.06399931
19,LINK,1040,platform|defi|oracles|smart-contracts|substrate|polkadot|polkadot-ecosystem|avalanche-ecosystem|solana-ecosystem|framework-ventures-portfolio|polygon-ecosystem|fantom-ecosystem|cardano-ecosystem|web3|near-protocol-ecosystem|arbitrum-ecosytem|cardano|injective-ecosystem|optimism-ecosystem,1000000000.0,517099970.4527867,,,,2023-03-27T00:40:00.000Z,166195270.5328261
20,LEO,26,marketplace|centralized-exchange|discount-token|payments|kenetic-capital-portfolio|alameda-research-portfolio,,953954130.0,,,,2023-03-27T00:40:00.000Z,1071284.90663049
21,ATOM,424,platform|cosmos-ecosystem|content-creation|interoperability|polychain-capital-portfolio|dragonfly-capital-portfolio|hashkey-capital-portfolio|1confirmation-portfolio|paradigm-portfolio|exnetwork-capital-portfolio|injective-ecosystem,,286370297.0,,,,2023-03-27T00:40:00.000Z,73960483.9599193
22,XMR,211,mineable|pow|medium-of-exchange|privacy|ringct|boostvc-portfolio|electric-capital-portfolio|galaxy-digital-portfolio,,18257665.3933983,,,,2023-03-27T00:40:00.000Z,70694582.55791757
23,ETC,386,mineable|pow|ethash|platform|smart-contracts|dcg-portfolio,210700000.0,140111690.68746653,,,,2023-03-27T00:40:00.000Z,114126658.66018824
24,UNI,635,decentralized-exchange-dex-token|defi|dao|yield-farming|amm|coinbase-ventures-portfolio|three-arrows-capital-portfolio|governance|blockchain-capital-portfolio|defiance-capital-portfolio|alameda-research-portfolio|a16z-portfolio|pantera-capital-portfolio|parafi-capital|paradigm-portfolio|arbitrum-ecosytem|injective-ecosystem|optimism-ecosystem,1000000000.0,471066453.3598195,,,2.43378179,2023-03-27T00:40:00.000Z,47763198.04097285
25,TON,91,pos,5000000000.0,1221401181.0,3414166606.0,7219792134.963278,,2023-03-27T00:40:00.000Z,39556924.15819937
26,OKB,94,marketplace|centralized-exchange|discount-token|alameda-research-portfolio,,60000000.0,246638974.0,10387109266.989334,,2023-03-27T00:40:00.000Z,23185684.33657261
27,XLM,484,medium-of-exchange|enterprise-solutions|decentralized-exchange-dex-token|smart-contracts|hashkey-capital-portfolio,50001806812.0,26568299443.323734,,,,2023-03-27T00:40:00.000Z,51747847.13338905
28,BCH,687,mineable|pow|sha-256|marketplace|medium-of-exchange|store-of-value|enterprise-solutions|payments|btc-ecosystem,21000000.0,19347831.25,,,,2023-03-27T00:40:00.000Z,143354657.12424827
29,FIL,295,mineable|distributed-computing|filesharing|storage|polychain-capital-portfolio|blockchain-capital-portfolio|boostvc-portfolio|dcg-portfolio|hashkey-capital-portfolio|a16z-portfolio|winklevoss-capital-portfolio|pantera-capital-portfolio|web3|filecoin-ecosystem,,409930616.0,,,,2023-03-27T00:40:00.000Z,136567142.75718552
30,APT,169,binance-labs-portfolio|aptos-ecosystem|circle-ventures-portfolio,0.0,177305846.0,130000000.0,1548887432.7726905,,2023-03-27T00:40:00.000Z,153473733.59772116
31,TUSD,341,store-of-value|stablecoin|asset-backed-stablecoin|avalanche-ecosystem|arbitrum-ecosytem|bnb-chain|usd-stablecoin,,2042105471.1999998,,,,2023-03-27T00:40:00.000Z,292128612.8605425
32,LDO,169,defi|dao|three-arrows-capital-portfolio|paradigm-portfolio|arbitrum-ecosytem|liquid-staking-derivatives|optimism-ecosystem,1000000000.0,859972577.1861645,859971630.2762995,1861250020.3149977,0.17699777,2023-03-27T00:40:00.000Z,97547275.51075417
33,HBAR,127,dag|marketplace|enterprise-solutions|payments|dcg-portfolio,50000000000.0,30162396685.096035,,,,2023-03-27T00:40:00.000Z,29947089.45685386
34,CRO,181,medium-of-exchange|cosmos-ecosystem|centralized-exchange|mobile|payments|injective-ecosystem,30263013692.0,25263013692.0,,,,2023-03-27T00:40:00.000Z,9178185.22346792
35,NEAR,232,platform|staking|coinbase-ventures-portfolio|three-arrows-capital-portfolio|arrington-xrp-capital-portfolio|coinfund-portfolio|electric-capital-portfolio|fabric-ventures-portfolio|kenetic-capital-portfolio|near-protocol-ecosystem|injective-ecosystem|circle-ventures-portfolio,1000000000.0,866021029.0,,,,2023-03-27T00:40:00.000Z,48200149.9034951
36,ARB,132,scaling|dao|dapp|ethereum-ecosystem|polychain-capital-portfolio|layer-2|rollups|pantera-capital-portfolio|arbitrum-ecosytem,,1275000000.0,,,,2023-03-27T00:40:00.000Z,1082409156.7073648
37,VET,215,logistics|data-provenance|iot|smart-contracts|fenbushi-capital-portfolio,86712634466.0,72511146418.0,72511146418.0,1656108464.5937498,,2023-03-27T00:40:00.000Z,35783881.44895864
38,APE,254,collectibles-nfts|content-creation|gaming|entertainment|dao|governance|metaverse|animoca-brands-portfolio,1000000000.0,368593750.0,368593750.0,1513432627.800117,,2023-03-27T00:40:00.000Z,74736930.1269028
39,ALGO,286,pos|platform|research|smart-contracts|arrington-xrp-capital-portfolio|kenetic-capital-portfolio|usv-portfolio|multicoin-capital-portfolio|exnetwork-capital-portfolio,10000000000.0,7128873281.098098,,,,2023-03-27T00:40:00.000Z,30831348.12239208
40,QNT,144,platform|interoperability,14881364.0,12072738.0,,,,2023-03-27T00:40:00.000Z,13609057.72292418
41,ICP,146,platform|distributed-computing|collectibles-nfts|defi|interoperability|smart-contracts|dao|wallet|storage|polychain-capital-portfolio|lending-borowing|metaverse|electric-capital-portfolio|fenbushi-capital-portfolio|hashkey-capital-portfolio|a16z-portfolio|multicoin-capital-portfolio|exnetwork-capital-portfolio|web3|internet-computer-ecosystem,,298023378.7275476,298023378.7275476,1484523487.9756577,,2023-03-27T00:40:00.000Z,18942266.51070848
42,STX,85,mineable|platform|collectibles-nfts|defi|smart-contracts|metaverse|arrington-xrp-capital-portfolio|blockchain-capital-portfolio|dcg-portfolio|fabric-ventures-portfolio|hashkey-capital-portfolio|huobi-capital-portfolio|usv-portfolio|web3|injective-ecosystem|btc-ecosystem,1818000000.0,1367931108.609095,1048765672.087772,1053367426.1364067,,2023-03-27T00:40:00.000Z,230969528.29844162
43,GRT,276,ai-big-data|enterprise-solutions|defi|coinbase-ventures-portfolio|solana-ecosystem|analytics|coinfund-portfolio|dcg-portfolio|fabric-ventures-portfolio|framework-ventures-portfolio|ledgerprime-portfolio|multicoin-capital-portfolio|parafi-capital|polygon-ecosystem|fantom-ecosystem|web3|near-protocol-ecosystem|arbitrum-ecosytem|spartan-group|injective-ecosystem,0.0,8884480562.668633,,,,2023-03-27T00:40:00.000Z,31076568.40873845
44,FTM,435,platform|enterprise-solutions|defi|research|scaling|smart-contracts|fantom-ecosystem|injective-ecosystem,3175000000.0,2783518051.6005,,,,2023-03-27T00:40:00.000Z,165917685.01622477
45,EOS,522,medium-of-exchange|enterprise-solutions|smart-contracts|eos|fenbushi-capital-portfolio|galaxy-digital-portfolio,,1086465056.566,,,,2023-03-27T00:40:00.000Z,96629467.40254723
46,BIT,54,dao|governance|dragonfly-capital-portfolio|fenbushi-capital-portfolio|pantera-capital-portfolio|spartan-group,10000000000.0,2090946168.860899,3000000000.0,1579625330.5284839,,2023-03-27T00:40:00.000Z,4186629.96814704
47,MANA,352,platform|collectibles-nfts|gaming|payments|metaverse|boostvc-portfolio|dcg-portfolio|fabric-ventures-portfolio|kenetic-capital-portfolio|polygon-ecosystem|play-to-earn,,1855084191.7804768,,,,2023-03-27T00:40:00.000Z,41536063.96740036
48,EGLD,142,binance-launchpad|binance-labs-portfolio|electric-capital-portfolio|exnetwork-capital-portfolio|elrond-ecosystem|injective-ecosystem|bnb-chain,31415926.0,25187286.0,25187286.0,1077433847.0921264,,2023-03-27T00:40:00.000Z,15510496.09918722
49,XTZ,268,pos|platform|enterprise-solutions|collectibles-nfts|defi|smart-contracts|polychain-capital-portfolio|boostvc-portfolio|winklevoss-capital-portfolio,,932185332.848925,,,,2023-03-27T00:40:00.000Z,18018807.13673133
50,AAVE,533,defi|dao|yield-farming|three-arrows-capital-portfolio|governance|lending-borowing|blockchain-capital-portfolio|defiance-capital-portfolio|framework-ventures-portfolio|alameda-research-portfolio|pantera-capital-portfolio|parafi-capital|polygon-ecosystem|fantom-ecosystem|optimism-ecosystem,16000000.0,14093192.58056459,,,0.18346467,2023-03-27T00:40:00.000Z,53582597.61390936
51,THETA,140,media|collectibles-nfts|content-creation|defi|video|metaverse|huobi-capital-portfolio|web3,1000000000.0,1000000000.0,,,,2023-03-27T00:40:00.000Z,8528615.74683822
52,FLOW,122,collectibles-nfts|coinbase-ventures-portfolio|coinfund-portfolio|dcg-portfolio|ledgerprime-portfolio|a16z-portfolio|animoca-brands-portfolio,,1036200000.0,,,,2023-03-27T00:40:00.000Z,14432236.40200041
53,AXS,303,collectibles-nfts|gaming|binance-launchpad|metaverse|defiance-capital-portfolio|play-to-earn|animoca-brands-portfolio,270000000.0,115612959.11785972,,,,2023-03-27T00:40:00.000Z,34918326.32200767
54,IMX,132,collectibles-nfts|zero-knowledge-proofs|scaling|layer-2|rollups|arrington-xrp-capital-portfolio|alameda-research-portfolio,2000000000.0,868583515.2500242,570354831.0,629104442.8333378,,2023-03-27T00:40:00.000Z,39214723.53007162
55,SAND,345,collectibles-nfts|content-creation|gaming|ethereum-ecosystem|binance-launchpad|metaverse|play-to-earn|animoca-brands-portfolio,3000000000.0,1499470108.2233226,,,,2023-03-27T00:40:00.000Z,59474707.86612188
56,CFX,76,mineable|pow|platform|collectibles-nfts|defi|payments|research|smart-contracts|staking|hybrid-pow-dpos|huobi-capital-portfolio|web3|injective-ecosystem|bnb-chain,,2657528393.6536174,,,,2023-03-27T00:40:00.000Z,357833159.320003
57,USDP,93,store-of-value|stablecoin|asset-backed-stablecoin|bnb-chain|usd-stablecoin,,878084065.080683,,,,2023-03-27T00:40:00.000Z,30471496.61710986
58,NEO,263,platform|enterprise-solutions|smart-contracts,100000000.0,70538831.0,,,,2023-03-27T00:40:00.000Z,40279781.11417928
59,KCS,39,marketplace|centralized-exchange|discount-token|algorand-ecosystem,170118638.0,98379860.95,,,,2023-03-27T00:40:00.000Z,1023901.95778763
60,RPL,82,defi|liquid-staking-derivatives,19113413.0,19257025.5471179,19257025.5471179,816353250.2036934,,2023-03-27T00:40:00.000Z,13238878.90629066
61,CHZ,327,sports|collectibles-nfts|content-creation|payments,8888888888.0,6718673450.46322,,,,2023-03-27T00:40:00.000Z,31566467.42556882
62,LUNC,395,cosmos-ecosystem|store-of-value|defi|payments|coinbase-ventures-portfolio|binance-labs-portfolio|solana-ecosystem|arrington-xrp-capital-portfolio|hashkey-capital-portfolio|kenetic-capital-portfolio|huobi-capital-portfolio|pantera-capital-portfolio|terra-ecosystem|injective-ecosystem,,5896339217331.427,5896339615447.703,734517757.7697128,,2023-03-27T00:40:00.000Z,55959931.86553564
63,USDD,136,stablecoin|algorithmic-stablecoin|arbitrum-ecosytem|usd-stablecoin,,725332035.842248,,,,2023-03-27T00:40:00.000Z,13257181.09049226
64,OP,215,layer-2|optimism-ecosystem,4294967296.0,314844141.0,,,,2023-03-27T00:40:00.000Z,97545558.18828836
65,MINA,82,pos|zero-knowledge-proofs|staking|coinbase-ventures-portfolio|three-arrows-capital-portfolio|polychain-capital-portfolio,,874184844.8400393,,,,2023-03-27T00:40:00.000Z,21936888.88089351
66,BSV,193,mineable|pow|sha-256|medium-of-exchange|store-of-value|state-channel|btc-ecosystem,21000000.0,19266076.64423905,,,,2023-03-27T00:40:00.000Z,34993614.60497571
67,KLAY,151,platform|enterprise-solutions|injective-ecosystem,,3080435295.4064507,,,,2023-03-27T00:40:00.000Z,17324568.22600001
68,CRV,464,decentralized-exchange-dex-token|defi|dao|yield-farming|amm|governance|framework-ventures-portfolio|alameda-research-portfolio|polygon-ecosystem|fantom-ecosystem|arbitrum-ecosytem|optimism-ecosystem,3303030299.0,749611087.4618076,,,0.15056457,2023-03-27T00:40:00.000Z,31879910.46492045
69,CAKE,887,collectibles-nfts|decentralized-exchange-dex-token|defi|smart-contracts|yield-farming|amm|binance-smart-chain|dex|governance|aptos-ecosystem,750000000.0,186344961.4888856,,,0.28219061,2023-03-27T00:40:00.000Z,45281755.78946432
70,DASH,366,mineable|hybrid-pow-pos|x11|medium-of-exchange|privacy|masternodes|dao|governance,18900000.0,11200783.26128991,,,,2023-03-27T00:40:00.000Z,91856549.80636294
71,MKR,319,store-of-value|defi|dao|polychain-capital-portfolio|governance|lending-borowing|dragonfly-capital-portfolio|electric-capital-portfolio|a16z-portfolio|1confirmation-portfolio|placeholder-ventures-portfolio|pantera-capital-portfolio|paradigm-portfolio|near-protocol-ecosystem|arbitrum-ecosytem|spartan-group|bnb-chain|real-world-assets,1005577.0,977631.03695089,,,0.08541513,2023-03-27T00:40:00.000Z,36217667.76095988
72,SNX,380,services|decentralized-exchange-dex-token|defi|derivatives|dao|yield-farming|coinbase-ventures-portfolio|three-arrows-capital-portfolio|governance|synthetics|defiance-capital-portfolio|framework-ventures-portfolio|alameda-research-portfolio|parafi-capital|paradigm-portfolio|fantom-ecosystem|spartan-group|bnb-chain|optimism-ecosystem|real-world-assets,308069419.0,253699253.95200092,,,,2023-03-27T00:40:00.000Z,32141318.90109425
73,GUSD,88,store-of-value|stablecoin|asset-backed-stablecoin|usd-stablecoin,0.0,607049883.35,,,,2023-03-27T00:40:00.000Z,481902.79256787
74,HT,117,marketplace|centralized-exchange|discount-token|payments|algorand-ecosystem|kenetic-capital-portfolio|alameda-research-portfolio|multicoin-capital-portfolio,500000000.0,162233844.0,,,,2023-03-27T00:40:00.000Z,6593502.98250849
75,ZEC,287,mineable|pow|equihash|medium-of-exchange|privacy|zero-knowledge-proofs|binance-chain|boostvc-portfolio|dcg-portfolio|electric-capital-portfolio|fenbushi-capital-portfolio|hashkey-capital-portfolio|winklevoss-capital-portfolio|placeholder-ventures-portfolio|pantera-capital-portfolio|bnb-chain,21000000.0,16328268.75,,,,2023-03-27T00:40:00.000Z,21707490.84420993
76,GMX,121,derivatives|dex|avalanche-ecosystem|arbitrum-ecosytem,,8575988.01119405,,,,2023-03-27T00:40:00.000Z,38481953.26927149
77,XEC,61,,21000000000000.0,19343779673303.0,19343779673303.0,593375021.7703402,,2023-03-27T00:40:00.000Z,5399741.1877861
78,BTT,97,platform|distributed-computing|filesharing|interoperability|staking|tron-ecosystem|storage|binance-launchpad|binance-labs-portfolio|web3|bnb-chain,,951421714286000.0,,,,2023-03-27T00:40:00.000Z,11238227.68057997
79,MIOTA,88,dag|medium-of-exchange|iot|sharing-economy,2779530283.0,2779530283.0,,,,2023-03-27T00:40:00.000Z,8636150.4441142
80,FXS,154,defi|seigniorage|avalanche-ecosystem|exnetwork-capital-portfolio|olympus-pro-ecosystem|arbitrum-ecosytem|liquid-staking-derivatives,,71077300.0848595,,,,2023-03-27T00:40:00.000Z,17834405.60117793
81,XDC,60,xdc-ecosystem,,13824531060.75,13824529834.2,556779157.4436091,,2023-03-27T00:40:00.000Z,4287788.45415379
82,GT,25,marketplace|centralized-exchange|discount-token|algorand-ecosystem,,108265076.62840587,,,,2023-03-27T00:40:00.000Z,695153.47288003
83,PAXG,109,bnb-chain|tokenized-gold,,271263.71,271181.0,539386269.0872791,,2023-03-27T00:40:00.000Z,9463431.79720623
84,AGIX,80,marketplace|ai-big-data|payments|cross-chain-dex-aggregator,2000000000.0,1206121857.2620106,,,,2023-03-27T00:40:00.000Z,97670855.33269885
85,TWT,138,wallet|polygon-ecosystem|bnb-chain,1000000000.0,416649900.0,416649900.0,491937501.12403834,,2023-03-27T00:40:00.000Z,12951349.10811742
86,LRC,254,marketplace|decentralized-exchange-dex-token|defi|zero-knowledge-proofs|scaling|smart-contracts|wallet|ethereum-ecosystem|amm|dex|layer-2|rollups|red-packets|web3|token|arbitrum-ecosytem,1374513896.0,1330133545.5263836,,,4.17482099,2023-03-27T00:40:00.000Z,57514829.99519968
87,MASK,142,communications-social-media|collectibles-nfts|content-creation|ethereum-ecosystem|metaverse|polygon-ecosystem|web3|animoca-brands-portfolio|injective-ecosystem|bnb-chain,100000000.0,76150000.0,76150000.0,469173973.6124646,,2023-03-27T00:40:00.000Z,230105283.3463768
88,RUNE,136,cosmos-ecosystem|decentralized-exchange-dex-token|defi|dex|multicoin-capital-portfolio|exnetwork-capital-portfolio|injective-ecosystem,500000000.0,327056566.0,326362945.0,457960423.7530158,3.89567527,2023-03-27T00:40:00.000Z,20422795.92185217
89,RNDR,118,art|media|ai-big-data|collectibles-nfts|gaming|scaling|video|ethereum-ecosystem|solana-ecosystem|metaverse|alameda-research-portfolio|multicoin-capital-portfolio|polygon-ecosystem|web3,536870912.0,361444954.10879594,364833198.0,447026255.55861634,,2023-03-27T00:40:00.000Z,37526436.45164224
90,ZIL,245,mineable|platform|payments|smart-contracts|polychain-capital-portfolio|metaverse|kenetic-capital-portfolio|zilliqa-ecosystem|bnb-chain,21000000000.0,15867699446.7699,,,,2023-03-27T00:40:00.000Z,17343347.73218507
91,1INCH,324,decentralized-exchange-dex-token|defi|amm|binance-labs-portfolio|blockchain-capital-portfolio|dragonfly-capital-portfolio|fabric-ventures-portfolio|alameda-research-portfolio|parafi-capital|spartan-group|bnb-chain,,834797412.6585293,834797412.6585293,428009266.20388466,,2023-03-27T00:40:00.000Z,21779795.9806124
92,NEXO,98,services|payments|cardano-ecosystem,1000000000.0,560000011.0,,,,2023-03-27T00:40:00.000Z,7659573.76472338
93,FLR,45,,,11999991148.0,12226432693.20815,428069613.9231247,,2023-03-27T00:40:00.000Z,10738840.54272792
94,FEI,70,defi|stablecoin|algorithmic-stablecoin,,424996177.78890556,,,72928568.00625233,2023-03-27T00:40:00.000Z,263422.65601944
95,KAVA,103,cosmos-ecosystem|defi|binance-launchpad|binance-labs-portfolio|lending-borowing|arrington-xrp-capital-portfolio|framework-ventures-portfolio|hashkey-capital-portfolio|injective-ecosystem,,456385131.0,456379332.0,397280389.40851307,,2023-03-27T00:40:00.000Z,13373316.02869491
96,OSMO,70,cosmos-ecosystem|injective-ecosystem,1000000000.0,492590761.0,,,,2023-03-27T00:40:00.000Z,6506685.21971531
97,ENJ,301,media|collectibles-nfts|gaming|ethereum-ecosystem|metaverse|arrington-xrp-capital-portfolio,1000000000.0,1000000000.0,,,,2023-03-27T00:40:00.000Z,14848806.06110974
98,CVX,147,defi|yield-aggregator,100000000.0,75804285.37352417,2814665.0,14458370.266693529,0.10628537,2023-03-27T00:40:00.000Z,6077775.04517934
99,CSPR,49,enterprise-solutions|arrington-xrp-capital-portfolio|hashkey-capital-portfolio|web3|okex-blockdream-ventures-portfolio,,10851986208.0,,,,2023-03-27T00:40:00.000Z,5732471.11351567
100,SSV,48,,,10000000.0,11076871.0,418353362.76159537,,2023-03-27T00:40:00.000Z,34972470.57417715
101,DYDX,223,defi|derivatives|zero-knowledge-proofs|three-arrows-capital-portfolio|paradigm-portfolio|spartan-group,1000000000.0,156256174.0,,,,2023-03-27T00:40:00.000Z,77027965.39692627
102,ETHW,76,pow,,107818999.04993,,,,2023-03-27T00:40:00.000Z,4311873.7186876
103,T,74,btc-ecosystem,10000000000.0,8723757953.179714,10000000000.0,416452718.3427775,,2023-03-27T00:40:00.000Z,30151986.82488711
104,BAT,368,marketing|content-creation|defi|payments|dcg-portfolio|1confirmation-portfolio|pantera-capital-portfolio|web3|bnb-chain,1500000000.0,1485963548.4163349,,,,2023-03-27T00:40:00.000Z,59908663.47567941
105,XEM,138,poi|medium-of-exchange|payments|smart-contracts|fantom-ecosystem,8999999999.0,8999999999.0,,,,2023-03-27T00:40:00.000Z,8323394.5904434
106,BAL,283,decentralized-exchange-dex-token|defi|dao|yield-farming|amm|three-arrows-capital-portfolio|governance|coinfund-portfolio|alameda-research-portfolio|placeholder-ventures-portfolio|pantera-capital-portfolio|near-protocol-ecosystem|arbitrum-ecosytem|optimism-ecosystem,96150704.0,48545885.88320538,,,0.2511911,2023-03-27T00:40:00.000Z,5246176.80841414
107,ROSE,73,cosmos-ecosystem|ai-big-data|collectibles-nfts|defi|privacy|scaling|smart-contracts|polychain-capital-portfolio|binance-labs-portfolio|arrington-xrp-capital-portfolio|blockchain-capital-portfolio|dragonfly-capital-portfolio|electric-capital-portfolio|kenetic-capital-portfolio|huobi-capital-portfolio|a16z-portfolio|winklevoss-capital-portfolio|pantera-capital-portfolio|injective-ecosystem,10000000000.0,5725718533.0,,,,2023-03-27T00:40:00.000Z,16070531.01753428
108,WOO,161,centralized-exchange|three-arrows-capital-portfolio|exnetwork-capital-portfolio|polygon-ecosystem|arbitrum-ecosytem|mvb|vbc-ventures-portfolio|injective-ecosystem|bnb-chain,,1675921308.3794155,1675921308.3794155,326032171.43722695,,2023-03-27T00:40:00.000Z,13353411.79046998
109,QTUM,204,platform|smart-contracts|kenetic-capital-portfolio|btc-ecosystem,107822406.0,104590242.5,,,,2023-03-27T00:40:00.000Z,39858557.19178578
110,RVN,118,mineable|pow|platform|crowdfunding,21000000000.0,12356220175.877617,,,,2023-03-27T00:40:00.000Z,6162103.20287464
111,FLOKI,122,gaming|memes|metaverse|doggone-doggerel|play-to-earn|bnb-chain,20000000000000.0,8917452316422.0,9317621738535.4,335853811.4799982,,2023-03-27T00:40:00.000Z,27269435.25783264
112,TFUEL,52,media|content-creation|defi|payments,,6078398063.0,,,,2023-03-27T00:40:00.000Z,2179063.7633044
113,HOT,144,platform|distributed-computing|filesharing|storage,,173342974126.73712,,,,2023-03-27T00:40:00.000Z,17255432.37872479
114,ANKR,182,platform|cosmos-ecosystem|enterprise-solutions|defi|filesharing|staking|substrate|polkadot-ecosystem|pantera-capital-portfolio|polygon-ecosystem|celo-ecosystem|injective-ecosystem|bnb-chain|liquid-staking-derivatives,10000000000.0,9662899377.791666,,,1.71863853,2023-03-27T00:40:00.000Z,37181266.78115697
115,LUNA,102,,0.0,241055125.596039,241055125.596039,317317172.7116472,,2023-03-27T00:40:00.000Z,36415106.90033754
116,DCR,66,mineable|hybrid-pow-pos|blake256|medium-of-exchange|store-of-value|privacy|dao|placeholder-ventures-portfolio,21000000.0,14832100.69145597,,,,2023-03-27T00:40:00.000Z,1205829.89762971
117,COMP,338,defi|dao|yield-farming|polkadot-ecosystem|coinbase-ventures-portfolio|three-arrows-capital-portfolio|polychain-capital-portfolio|lending-borowing|dragonfly-capital-portfolio|alameda-research-portfolio|a16z-portfolio|pantera-capital-portfolio|paradigm-portfolio|arbitrum-ecosytem|bnb-chain,10000000.0,7267151.99852569,,,0.22214417,2023-03-27T00:40:00.000Z,15532094.97995918
118,YFI,377,defi|dao|yield-farming|yield-aggregator|yearn-partnerships|three-arrows-capital-portfolio|polychain-capital-portfolio|governance|blockchain-capital-portfolio|framework-ventures-portfolio|alameda-research-portfolio|parafi-capital|fantom-ecosystem|arbitrum-ecosytem|bnb-chain,36666.0,36637.72122588,,,0.75309392,2023-03-27T00:40:00.000Z,29109206.29078988
119,FET,113,cosmos-ecosystem|ai-big-data|collectibles-nfts|iot|binance-launchpad|web3|injective-ecosystem,,818912300.0,,,,2023-03-27T00:40:00.000Z,31834122.08829594
120,MAGIC,115,gaming|metaverse|arbitrum-ecosytem,347714007.0,212500960.24153566,212500960.24153566,303952123.17282367,,2023-03-27T00:40:00.000Z,102020218.47233032
121,CELO,144,pos|zero-knowledge-proofs|mobile|payments|smart-contracts|coinbase-ventures-portfolio|polychain-capital-portfolio|dragonfly-capital-portfolio|electric-capital-portfolio|a16z-portfolio|celo-ecosystem,1000000000.0,491531934.0,,,,2023-03-27T00:40:00.000Z,6333661.31378773
122,INJ,130,pos|platform|ai-big-data|defi|smart-contracts|cosmos|binance-smart-chain|binance-launchpad|binance-labs-portfolio|cms-holdings-portfolio|pantera-capital-portfolio|web3,100000000.0,73005554.33,,,,2023-03-27T00:40:00.000Z,32432818.41320283
123,KSM,163,substrate|polkadot-ecosystem|cms-holdings-portfolio|kenetic-capital-portfolio|1confirmation-portfolio|vbc-ventures-portfolio,,8470098.05726206,8597992.0,289936665.44121706,,2023-03-27T00:40:00.000Z,7493630.74720079
124,MOB,30,privacy|payments|arrington-xrp-capital-portfolio,,195286109.0,74218324.0,108395757.59632963,,2023-03-27T00:40:00.000Z,1228400.11053185
125,GNO,119,services|decentralized-exchange-dex-token|defi|prediction-markets|kenetic-capital-portfolio|arbitrum-ecosytem,3000000.0,2589588.0,,,,2023-03-27T00:40:00.000Z,4778553.49126309
126,GALA,244,collectibles-nfts|gaming|binance-smart-chain|polygon-ecosystem|play-to-earn,,6977205436.0,,,,2023-03-27T00:40:00.000Z,104188531.06977119
127,AR,80,distributed-computing|filesharing|storage|coinbase-ventures-portfolio|solana-ecosystem|arrington-xrp-capital-portfolio|blockchain-capital-portfolio|a16z-portfolio|multicoin-capital-portfolio|web3,66000000.0,33394701.0,,,,2023-03-27T00:40:00.000Z,7225434.76203724
128,BTG,69,mineable|medium-of-exchange|payments|btc-ecosystem,21000000.0,17513923.589,,,,2023-03-27T00:40:00.000Z,2583874.31946938
129,ONE,129,platform|enterprise-solutions|scaling|smart-contracts|binance-launchpad|binance-labs-portfolio|hashkey-capital-portfolio|harmony-ecosystem|injective-ecosystem|bnb-chain,,13163820074.442495,,,,2023-03-27T00:40:00.000Z,14351629.03535371
130,ASTR,55,polkadot-ecosystem|okex-blockdream-ventures-portfolio,,4362927020.0,1553126275.0,96336552.23856957,,2023-03-27T00:40:00.000Z,4973579.63950025
131,LN,9,centralized-exchange,,6734458.0,,,,2023-03-27T00:40:00.000Z,473548.95935791
132,AUDIO,125,music|dao|coinbase-ventures-portfolio|binance-labs-portfolio|solana-ecosystem|pantera-capital-portfolio|multicoin-capital-portfolio|web3,,990636746.0,,,,2023-03-27T00:40:00.000Z,9881483.98209467
133,ENS,177,dao|governance|web3,100000000.0,20244862.09054775,,,,2023-03-27T00:40:00.000Z,17514552.20549903
134,XCH,50,,,6871248.0,6871248.0,265774636.35420847,,2023-03-27T00:40:00.000Z,5085686.62515245
135,OMG,315,medium-of-exchange|payments|scaling|state-channel|pantera-capital-portfolio,140245399.0,140245398.24513277,,,,2023-03-27T00:40:00.000Z,47741555.57280067
136,BONE,85,memes|doggone-doggerel,230000000.0,229923445.59824273,229917843.45,257120533.02953902,,2023-03-27T00:40:00.000Z,5177651.49363084
137,WAVES,221,lpos|platform|smart-contracts,,110999476.0,,,,2023-03-27T00:40:00.000Z,30369525.95330971
138,IOTX,113,platform|iot|hashkey-capital-portfolio|kenetic-capital-portfolio|iotex-ecosystem|bnb-chain,10000000000.0,9448763702.0,,,,2023-03-27T00:40:00.000Z,5930538.92703566
139,GLM,94,platform|distributed-computing|payments|polygon-ecosystem|web3,1000000000.0,1000000000.0,,,,2023-03-27T00:40:00.000Z,2596674.5911613
140,SUSHI,545,collectibles-nfts|decentralized-exchange-dex-token|defi|dao|yield-farming|amm|yearn-partnerships|governance|avalanche-ecosystem|metaverse|blockchain-capital-portfolio|defiance-capital-portfolio|alameda-research-portfolio|pantera-capital-portfolio|polygon-ecosystem|fantom-ecosystem|arbitrum-ecosytem|harmony-ecosystem|injective-ecosystem|bnb-chain,250000000.0,222257372.0,,,0.48719025,2023-03-27T00:40:00.000Z,40157120.98426448
141,GMT,188,collectibles-nfts|gaming|binance-smart-chain|binance-launchpad|solana-ecosystem|bnb-chain|move-to-earn,6000000000.0,600000000.0,,,,2023-03-27T00:40:00.000Z,39330870.19920654
142,DAO,64,defi|governance|launchpad|dao-maker|vbc-ventures-portfolio|injective-ecosystem,312000000.0,143942530.56,149318000.0,239722730.75045457,,2023-03-27T00:40:00.000Z,2492112.50708805
143,JST,100,defi|tron-ecosystem,9900000000.0,8902080000.0,,,,2023-03-27T00:40:00.000Z,22709495.0594083
144,GLMR,58,smart-contracts|substrate|polkadot|polkadot-ecosystem|binance-labs-portfolio|arrington-xrp-capital-portfolio|injective-ecosystem,,605647713.0,,,,2023-03-27T00:40:00.000Z,5395431.39557019
145,BLUR,68,collectibles-nfts,,420322914.3835616,82565477.1689498,44448702.935769,,2023-03-27T00:40:00.000Z,38667102.81633858
146,JASMY,119,,50000000000.0,47569999998.88511,,,,2023-03-27T00:40:00.000Z,21501813.44914435
147,USTC,729,cosmos-ecosystem|stablecoin|algorithmic-stablecoin|seigniorage|terra-ecosystem|injective-ecosystem|bnb-chain|usd-stablecoin,,9796983503.301332,,,,2023-03-27T00:40:00.000Z,29492609.09526722
148,OCEAN,141,platform|ai-big-data|defi|filesharing|dao|substrate|storage|polkadot-ecosystem|dcg-portfolio|fabric-ventures-portfolio|polygon-ecosystem|web3|injective-ecosystem,1410000000.0,613099140.9978136,,,,2023-03-27T00:40:00.000Z,12844312.76134736
149,BAND,195,cosmos-ecosystem|defi|oracles|binance-chain|binance-launchpad|binance-labs-portfolio|solana-ecosystem|polygon-ecosystem|fantom-ecosystem|web3|near-protocol-ecosystem|spartan-group|injective-ecosystem|bnb-chain,0.0,124031898.990236,,,,2023-03-27T00:40:00.000Z,11541486.41395606
150,SC,76,mineable|pow|blake2b|platform|distributed-computing|filesharing|storage|dragonfly-capital-portfolio|fenbushi-capital-portfolio|paradigm-portfolio|web3|near-protocol-ecosystem,,53625292991.0,,,,2023-03-27T00:40:00.000Z,3357722.48106466
151,KDA,49,mineable|pow|blake2s|platform|cosmos-ecosystem|smart-contracts|coinfund-portfolio|multicoin-capital-portfolio|web3|injective-ecosystem,1000000000.0,224287239.9322,224287239.9322,211983178.18246886,,2023-03-27T00:40:00.000Z,4448188.10423531
152,ICX,99,platform|enterprise-solutions|interoperability|smart-contracts|kenetic-capital-portfolio|pantera-capital-portfolio,,951320774.9260916,,,,2023-03-27T00:40:00.000Z,3648190.10590408
153,HNT,71,mineable|enterprise-solutions|distributed-computing|iot|usv-portfolio|multicoin-capital-portfolio|web3,223000000.0,141075836.42832446,,,,2023-03-27T00:40:00.000Z,1858654.02772403
154,CKB,63,mineable|pow|platform|collectibles-nfts|defi|interoperability|research|scaling|smart-contracts|dao|polychain-capital-portfolio|rollups|blockchain-capital-portfolio|cms-holdings-portfolio|dragonfly-capital-portfolio|electric-capital-portfolio|hashkey-capital-portfolio|huobi-capital-portfolio|1confirmation-portfolio|multicoin-capital-portfolio|web3,,40142290001.21531,,,,2023-03-27T00:40:00.000Z,12490632.64046565
155,ONT,183,enterprise-solutions|identity|polkadot-ecosystem|metaverse|huobi-capital-portfolio|fantom-ecosystem|web3|near-protocol-ecosystem|bnb-chain,1000000000.0,875249524.0,,,,2023-03-27T00:40:00.000Z,17166739.04613081
156,IOST,115,hardware|iot|huobi-capital-portfolio,90000000000.0,18708894189.0,,,,2023-03-27T00:40:00.000Z,8125597.35477339
157,BRISE,50,bnb-chain,1000000000000000.0,395688215721653.0,427350680000000.0,211516872.91349864,,2023-03-27T00:40:00.000Z,3366998.79751739
158,LQTY,68,defi,100000000.0,91472391.74384113,,,0.27690225,2023-03-27T00:40:00.000Z,35912622.36212851
159,LPT,100,coinfund-portfolio|dcg-portfolio|pantera-capital-portfolio|multicoin-capital-portfolio|web3|arbitrum-ecosytem,,27523725.937246,,,,2023-03-27T00:40:00.000Z,12455789.41613971
160,MX,14,marketplace|centralized-exchange|discount-token,,99999999.9997,,,,2023-03-27T00:40:00.000Z,2670404.24415171
161,CELR,111,platform|enterprise-solutions|zero-knowledge-proofs|scaling|state-channel|ethereum-ecosystem|substrate|polkadot-ecosystem|binance-launchpad|arrington-xrp-capital-portfolio|pantera-capital-portfolio|arbitrum-ecosytem|bnb-chain,10000000000.0,7085488367.278,,,,2023-03-27T00:40:00.000Z,18622512.96484281
162,ZRX,275,platform|decentralized-exchange-dex-token|defi|scaling|dao|substrate|polkadot|polkadot-ecosystem|polychain-capital-portfolio|governance|blockchain-capital-portfolio|boostvc-portfolio|fabric-ventures-portfolio|kenetic-capital-portfolio|placeholder-ventures-portfolio|pantera-capital-portfolio,1000000000.0,847496054.8027713,,,,2023-03-27T00:40:00.000Z,13827406.22925364
163,XYM,39,posplus,8999999999.0,5582460004.558402,,,,2023-03-27T00:40:00.000Z,530730.00060824
164,BICO,73,platform|interoperability|coinbase-ventures-portfolio|binance-labs-portfolio|fenbushi-capital-portfolio|mvb,,502789360.33972234,,,,2023-03-27T00:40:00.000Z,4066618.88394023
165,HIVE,39,dpos|media|content-creation|scaling|web3,,475967835.169,,,,2023-03-27T00:40:00.000Z,2494795.11706568
166,FLUX,81,mineable|pow|distributed-computing|filesharing|interoperability|masternodes|smart-contracts|dao|dapp|storage|governance|web3|cross-chain,440000000.0,293889262.59931874,,,,2023-03-27T00:40:00.000Z,13098730.40017262
167,ELON,127,memes|payments|polygon-ecosystem|doggone-doggerel,1000000000000000.0,549652770159583.3,,,,2023-03-27T00:40:00.000Z,2917779.7598757
168,CHSB,16,asset-management|staking,,1000000000.0,,,,2023-03-27T00:40:00.000Z,327176.01268311
169,ELF,84,marketplace|enterprise-solutions|arrington-xrp-capital-portfolio|huobi-capital-portfolio|bnb-chain,1000000000.0,591361281.78419,,,,2023-03-27T00:40:00.000Z,6404038.77818331
170,RSR,140,store-of-value|defi|coinbase-ventures-portfolio|dcg-portfolio|real-world-assets,100000000000.0,45611899305.0,,,,2023-03-27T00:40:00.000Z,5480538.13100297
171,SKL,102,platform|scaling|smart-contracts|staking|layer-2|arrington-xrp-capital-portfolio|boostvc-portfolio|galaxy-digital-portfolio|hashkey-capital-portfolio,7000000000.0,4203852671.0,4203852671.0,169130587.49596724,,2023-03-27T00:40:00.000Z,12693749.72243297
172,ACH,98,,10000000000.0,5082155932.35553,,,,2023-03-27T00:40:00.000Z,44589085.36628026
173,BORA,21,marketplace|gaming,,927500000.0,,,,2023-03-27T00:40:00.000Z,2221450.85585896
174,JOE,97,decentralized-exchange-dex-token|defi|staking|yield-farming|amm|dex|lp-tokens|avalanche-ecosystem|arbitrum-ecosytem,500000000.0,336436965.0,,,,2023-03-27T00:40:00.000Z,73066724.87092009
175,BNX,33,binance-chain,2100000000.0,289119100.0,289119100.0,166531682.65207365,,2023-03-27T00:40:00.000Z,10857050.4499551
176,WAXP,66,media|collectibles-nfts|gaming|entertainment|payments|metaverse|galaxy-digital-portfolio|kenetic-capital-portfolio|play-to-earn|okex-blockdream-ventures-portfolio,,2424183034.0109015,,,,2023-03-27T00:40:00.000Z,2802231.44998162
177,SFP,108,wallet|binance-launchpad|injective-ecosystem|bnb-chain,500000000.0,369666536.3357306,,,,2023-03-27T00:40:00.000Z,5152097.01528844
178,POLY,82,marketplace|crowdfunding|real-world-assets,,924998413.0,,,,2023-03-27T00:40:00.000Z,104503.85329859
179,AMP,95,,99444125026.0,42227702186.0,36271610691.0,136680104.24559167,,2023-03-27T00:40:00.000Z,5605570.59897531
180,KEEP,67,defi|privacy|coinbase-ventures-portfolio|polychain-capital-portfolio|boostvc-portfolio|fabric-ventures-portfolio|a16z-portfolio|multicoin-capital-portfolio|parafi-capital|paradigm-portfolio,1000000000.0,860762270.3720057,,,24.15645527,2023-03-27T00:40:00.000Z,626489.34668753
181,DGB,120,mineable|pow|multiple-algorithms|medium-of-exchange|collectibles-nfts|iot|payments,21000000000.0,16113465971.748348,,,,2023-03-27T00:40:00.000Z,3517304.83593507
182,EVER,31,everscale-ecosystem,,1738959002.0,,,,2023-03-27T00:40:00.000Z,2756459.06295652
183,CORE,31,,2100000000.0,75010438.91549325,,,,2023-03-27T00:40:00.000Z,26607470.62815694
184,SXP,151,medium-of-exchange|defi|payments|wallet|binance-labs-portfolio|alameda-research-portfolio|bnb-chain,,559137079.8530546,559136546.7446165,150214123.09933165,879.6198898,2023-03-27T00:40:00.000Z,4443884.25043516
185,ILV,93,collectibles-nfts|gaming|dao|metaverse|play-to-earn,10000000.0,2443192.10029128,,,,2023-03-27T00:40:00.000Z,12077642.20463007
186,STORJ,139,platform|distributed-computing|filesharing|storage|web3,,412937122.13631105,,,,2023-03-27T00:40:00.000Z,7201824.39611544
187,ID,37,binance-launchpad|mvb,2000000000.0,286000000.0,,,,2023-03-27T00:40:00.000Z,235716277.04682904
188,RLC,92,marketplace|ai-big-data|distributed-computing|collectibles-nfts|defi|privacy|oracles|scaling|ethereum-ecosystem|substrate|polkadot|polygon-ecosystem|web3,86999785.0,80999784.9868455,,,,2023-03-27T00:40:00.000Z,16860899.62066275
189,GTC,84,dao|paradigm-portfolio|web3,,59913342.0,13795460.0,33578523.12718009,,2023-03-27T00:40:00.000Z,22480240.95451201
190,RIF,29,services|filesharing|payments|btc-ecosystem,,953380002.2099302,,,,2023-03-27T00:40:00.000Z,26846747.37329974
191,UMA,153,defi|derivatives|oracles|dao|coinbase-ventures-portfolio|governance|synthetics|blockchain-capital-portfolio|dragonfly-capital-portfolio|placeholder-ventures-portfolio|polygon-ecosystem|injective-ecosystem,101172570.0,68947415.07943583,,,,2023-03-27T00:40:00.000Z,10823263.37563109
192,TRAC,37,logistics|ai-big-data|enterprise-solutions|collectibles-nfts|smart-contracts|polkadot-ecosystem|polygon-ecosystem|web3,500000000.0,365481590.322617,,,,2023-03-27T00:40:00.000Z,1322829.95184548
193,ZEN,96,mineable|pow|medium-of-exchange|platform|enterprise-solutions|content-creation|privacy|zero-knowledge-proofs|masternodes|scaling|smart-contracts|staking|sidechain|dcg-portfolio|web3,21000000.0,13511156.25,,,,2023-03-27T00:40:00.000Z,5664360.3508089
194,LSK,70,dpos|platform|enterprise-solutions|smart-contracts,,128900444.52198455,140513403.0410382,151159378.06016746,,2023-03-27T00:40:00.000Z,2722257.10631943
195,MULTI,64,three-arrows-capital-portfolio|arbitrum-ecosytem|moonriver-ecosystem|circle-ventures-portfolio,100000000.0,14541093.5633,18363292.0,173470711.65593848,,2023-03-27T00:40:00.000Z,2878989.03671063
196,BTRST,31,coinbase-ventures-portfolio|web3,250000000.0,136836927.0,80181852.33,76342777.96977326,,2023-03-27T00:40:00.000Z,586971.32479127
197,SYS,37,mineable|pow|platform|enterprise-solutions|collectibles-nfts|zero-knowledge-proofs|masternodes|scaling,0.0,753571730.5998354,,,,2023-03-27T00:40:00.000Z,878582.40768605
198,AXL,23,interoperability|ethereum-ecosystem|coinbase-ventures-portfolio|polychain-capital-portfolio|binance-labs-portfolio|galaxy-digital-portfolio,,205586297.82442304,,,,2023-03-27T00:40:00.000Z,996451.33100086
199,TRIBE,66,defi|stablecoin|algorithmic-stablecoin|governance,1000000000.0,453448622.0,,,,2023-03-27T00:40:00.000Z,559650.84688197
200,API3,97,defi|oracles|coinfund-portfolio|dcg-portfolio|placeholder-ventures-portfolio|pantera-capital-portfolio|polygon-ecosystem|fantom-ecosystem|cardano-ecosystem|web3|cardano|injective-ecosystem,,80187930.55562828,61977139.0,95841380.040193,,2023-03-27T00:40:00.000Z,6917954.01007356
201,HEX,181,,,173411074413.06497,572170573415.0,50429378755.99823,,2023-03-27T00:40:00.000Z,31973364.25120994
202,stETH,38,eth-2-staking,,5866940.79427202,,,,2023-03-27T00:40:00.000Z,13419074.37209978
203,WTRX,21,,,101676082428.01094,,,,2023-03-27T00:40:00.000Z,1192324.97839584
204,TMG,4,,1000000000.0,1000000000.0,,,,2023-03-27T00:40:00.000Z,149376.98463367
205,BTCB,372,bnb-chain|btc-ecosystem,,53011.11688935,,,,2023-03-27T00:40:00.000Z,3398636.03618209
206,WBNB,10553,wrapped-tokens|bnb-chain,,3505801.91810026,,,,2023-03-27T00:40:00.000Z,54368223.11768766
207,HBTC,34,heco-ecosystem|btc-ecosystem,6910.0,38969.49700474,,,4.35525295,2023-03-27T00:40:00.000Z,32454.04625966
208,FRAX,333,defi|stablecoin|algorithmic-stablecoin|seigniorage|avalanche-ecosystem|polygon-ecosystem|fantom-ecosystem|arbitrum-ecosytem|moonriver-ecosystem|usd-stablecoin|optimism-ecosystem,,1044853133.2587842,,,,2023-03-27T00:40:00.000Z,2854385.62863283
209,BTTOLD,182,binance-launchpad,,990000000000.0,,,,2023-03-27T00:40:00.000Z,194979.67567853
210,TNC,22,,,5851183164.0,,,,2023-03-27T00:40:00.000Z,54812.30739779
211,BGB,4,centralized-exchange,2000000000.0,1400000000.0,1400000000.0,568553182.1063516,,2023-03-27T00:40:00.000Z,7602958.92560219
212,XAUT,29,tokenized-gold,,246524.0,48450.0,95838572.18198594,,2023-03-27T00:40:00.000Z,6471539.90729057
213,XRD,15,,24000000000.0,10133464386.287584,5224705887.673094,225316078.38600385,,2023-03-27T00:40:00.000Z,708809.08818283
214,FTT,171,marketplace|centralized-exchange|derivatives|cms-holdings-portfolio|kenetic-capital-portfolio|alameda-research-portfolio|pantera-capital-portfolio|exnetwork-capital-portfolio,352170015.0,328895103.813207,,,,2023-03-27T00:40:00.000Z,6343857.51750229
215,DFI,46,defi|staking,1200000000.0,679520892.6263262,,,,2023-03-27T00:40:00.000Z,4917181.63750428
216,NXM,1,defi|insurance|arrington-xrp-capital-portfolio|kenetic-capital-portfolio|placeholder-ventures-portfolio,,6594067.84129139,,,1.43946609,2023-03-27T00:40:00.000Z,93313.72369557
217,WEMIX,40,platform|collectibles-nfts|gaming|metaverse|play-to-earn,,245569456.76241434,245568857.76241428,339158925.7551144,,2023-03-27T00:40:00.000Z,3594917.40637798
218,KAS,9,mineable|pow|store-of-value|polychain-capital-portfolio,28704026601.0,17531928537.270355,,,,2023-03-27T00:40:00.000Z,7374906.62768338
219,USDJ,18,stablecoin,,273145279.47542346,,,,2023-03-27T00:40:00.000Z,861361.97029059
220,LUSD,81,defi|stablecoin|asset-backed-stablecoin|usd-stablecoin|optimism-ecosystem,0.0,264538703.06958646,,,,2023-03-27T00:40:00.000Z,6446691.99326558
221,BabyDoge,116,memes|doggone-doggerel|bnb-chain,4.2e+17,1.15113333036839e+17,1.5320710989166525e+17,349250907.08429897,,2023-03-27T00:40:00.000Z,9228114.11165891
222,BDX,22,privacy|masternodes,9900000000.0,4019252314.0,,,,2023-03-27T00:40:00.000Z,2096275.31918636
223,ASTRAFER,32,gaming|animoca-brands-portfolio,888077888.0,156417090.0,156485525.3,241900655.78657916,,2023-03-27T00:40:00.000Z,16250.57624175
224,GNS,113,polygon-ecosystem|arbitrum-ecosytem,,30453619.0,30461090.0,221209678.53943086,,2023-03-27T00:40:00.000Z,16137206.53180384
225,SURE,28,ai-big-data|collectibles-nfts|defi|dao|insurance|avalanche-ecosystem|metaverse|bnb-chain,88000000000.0,26790063174.642704,,,,2023-03-27T00:40:00.000Z,2746061.73732877
226,EDGT,6,,,210000000.0,525263000.698,525678806.9240244,,2023-03-27T00:40:00.000Z,22176055.9115734
227,MV,22,,2000000000.0,1709312901.15,,,,2023-03-27T00:40:00.000Z,1325803.4087012
228,RON,20,,1000000000.0,179934507.22602093,148339298.0,158377273.61013845,,2023-03-27T00:40:00.000Z,2337833.07320473
229,WEVER,9,everscale-ecosystem,,1738959002.0,,,,2023-03-27T00:40:00.000Z,39283.82958
230,ALI,34,media|communications-social-media|ai-big-data|collectibles-nfts|ethereum-ecosystem|galaxy-digital-portfolio|huobi-capital-portfolio|alameda-research-portfolio,10000000000.0,3588163659.734976,,,,2023-03-27T00:40:00.000Z,2519975.25750918
231,TEL,115,medium-of-exchange|polygon-ecosystem,100000000000.0,66209200557.96,55088740237.4,114988285.53059883,,2023-03-27T00:40:00.000Z,1093378.61410459
232,EURS,40,marketplace|stablecoin|asset-backed-stablecoin|eur-stablecoin|xdc-ecosystem,,124125940.0,,,,2023-03-27T00:40:00.000Z,379734.58357181
233,LYXe,33,collectibles-nfts|metaverse,100000000.0,15475915.70885664,14945916.0,124010669.5711475,,2023-03-27T00:40:00.000Z,1050131.41292625
234,MBX,12,gaming,1000000000.0,43461462.85362052,,,,2023-03-27T00:40:00.000Z,5792814.7336187
235,SYN,129,interoperability|three-arrows-capital-portfolio|olympus-pro-ecosystem|arbitrum-ecosytem|optimism-ecosystem,250000000.0,139773376.0,180209601.0,155933236.13771594,,2023-03-27T00:40:00.000Z,8325383.77191465
236,XNO,60,dag|blake2b|medium-of-exchange|store-of-value|payments,133248297.0,133248297.197,,,,2023-03-27T00:40:00.000Z,1206495.04480663
237,HFT,44,decentralized-exchange-dex-token|defi|interoperability|dao|dex|binance-launchpool|coinbase-ventures-portfolio|dcg-portfolio|dragonfly-capital-portfolio|electric-capital-portfolio|galaxy-digital-portfolio|cross-chain,,191211775.17869997,,,,2023-03-27T00:40:00.000Z,14834583.53709569
238,VVS,52,defi|dex,100000000000000.0,33839383418915.11,33839438398445.89,120380301.96384072,,2023-03-27T00:40:00.000Z,364657.17815035
239,PLA,60,gaming|ethereum-ecosystem|metaverse|polygon-ecosystem,700000000.0,537855941.0,548992304.0,122489585.70020099,,2023-03-27T00:40:00.000Z,4065749.14279755
240,PUNDIX,55,,258526640.0,258491637.23,,,,2023-03-27T00:40:00.000Z,3445475.22019897
241,KNC,264,marketplace|decentralized-exchange-dex-token|defi|dao|amm|three-arrows-capital-portfolio|governance|kenetic-capital-portfolio|pantera-capital-portfolio|parafi-capital|arbitrum-ecosytem|optimism-ecosystem,252301550.0,164893760.0,160263628.57,113074254.63163227,,2023-03-27T00:40:00.000Z,6498353.51621951
242,TOMI,3,,,39642453.0,46932686.99999999,136462201.4981038,,2023-03-27T00:40:00.000Z,13429292.04974685
243,MED,11,health|cosmos-ecosystem|injective-ecosystem,,6908642520.0,6663990656.0,109523571.25504018,,2023-03-27T00:40:00.000Z,1063781.84770108
244,SLP,143,collectibles-nfts|play-to-earn,,42340286437.0,42340292989.0,113364744.33990982,,2023-03-27T00:40:00.000Z,6836942.70159251
245,PEOPLE,105,,5060137334.0,5060137334.7,5053572056.0,111760822.43108882,,2023-03-27T00:40:00.000Z,9538738.63702957
246,RENBTC,106,defi|wrapped-tokens|fantom-ecosystem|bnb-chain|btc-ecosystem,13698.0,3579.69855233,,,,2023-03-27T00:40:00.000Z,118465.67967495
247,METIS,114,zero-knowledge-proofs|scaling|layer-2|rollups|okex-blockdream-ventures-portfolio|metisdao-ecosystem,10000000.0,4450490.18425,,,,2023-03-27T00:40:00.000Z,6065838.50047254
248,RBN,62,derivatives|coinbase-ventures-portfolio|real-world-assets,1000000000.0,532821808.8899601,336479659.74,69533463.79738766,,2023-03-27T00:40:00.000Z,637783.71777358
249,NFT,67,art|collectibles-nfts|tron-ecosystem,999990000000000.0,277080562500000.0,,,,2023-03-27T00:40:00.000Z,6602669.3900965
250,MC,56,gaming|governance|play-to-earn|token|gaming-guild|spartan-group,669811161.0,372216089.5412862,,,,2023-03-27T00:40:00.000Z,2039281.21866529
251,CHR,104,platform|enterprise-solutions|collectibles-nfts|defi|gaming|ethereum-ecosystem|metaverse|chromia-ecosystem|web3|bnb-chain,1000000000.0,686549902.0,,,,2023-03-27T00:40:00.000Z,6989046.71247953
252,NMR,93,asset-management|ai-big-data|defi|payments|research|coinfund-portfolio|usv-portfolio|placeholder-ventures-portfolio|paradigm-portfolio|generative-ai,11000000.0,5888503.64405066,,,23.82277247,2023-03-27T00:40:00.000Z,4056541.05820409
253,SNT,95,media|content-creation|privacy|fabric-ventures-portfolio|kenetic-capital-portfolio,,3968600041.5595417,,,,2023-03-27T00:40:00.000Z,1957488.39495204
254,DENT,70,services,,99007791202.73587,,,,2023-03-27T00:40:00.000Z,3600337.43397181
255,SCRT,46,cosmos-ecosystem|defi|privacy|injective-ecosystem,,163295557.0,,,12.86825358,2023-03-27T00:40:00.000Z,1517056.50522341
256,vUSDC,2,stablecoin|bnb-chain,,4771015133.0,,,,2023-03-27T00:40:00.000Z,8226620.71649261
257,EWT,26,energy|enterprise-solutions|identity|substrate|polkadot-ecosystem,100000000.0,30062138.0,32932614.0,114681720.92865533,,2023-03-27T00:40:00.000Z,1200416.00234276
258,STG,149,ethereum-ecosystem|avalanche-ecosystem|polygon-ecosystem|fantom-ecosystem|arbitrum-ecosytem|cross-chain|optimism-ecosystem,1000000000.0,158640069.1886555,133061395.0,87425949.07541071,,2023-03-27T00:40:00.000Z,10332011.94399016
259,CFG,16,ethereum-ecosystem|substrate|polkadot|polkadot-ecosystem|real-world-assets,,360263043.0,60000000.0,17258340.327071186,,2023-03-27T00:40:00.000Z,199135.87291249
260,COCOS,50,media|collectibles-nfts|gaming,100000000.0,71051748.0,66860636.59,97327901.37556446,,2023-03-27T00:40:00.000Z,18131605.63656537
261,CVC,108,enterprise-solutions|identity|solana-ecosystem|dcg-portfolio|pantera-capital-portfolio|web3,,1000000000.0,,,,2023-03-27T00:40:00.000Z,4542042.84330265
262,XCN,59,,53474611831.0,23482966566.0,,,,2023-03-27T00:40:00.000Z,14103157.2222091
263,DEXE,40,asset-management|defi|dao|bnb-chain,98942301.0,36472980.52092348,36466824.0,101772724.55202188,,2023-03-27T00:40:00.000Z,1425044.4905255
264,LOCUS,6,platform|payments|scaling,7000000000.0,2081062787.3474767,2081062787.0,101003695.5692708,,2023-03-27T00:40:00.000Z,727968.04693502
265,REN,218,marketplace|defi|polkadot-ecosystem|avalanche-ecosystem|solana-ecosystem|kenetic-capital-portfolio|huobi-capital-portfolio|alameda-research-portfolio|fantom-ecosystem|btc-ecosystem,1000000000.0,999037500.3618875,,,,2023-03-27T00:40:00.000Z,20556007.12601823
266,RBTC,9,mineable|btc-ecosystem,,3553.66187326,,,,2023-03-27T00:40:00.000Z,37582.16300146
267,POLYX,20,,,605506542.193295,521874157.075662,85175271.81844278,,2023-03-27T00:40:00.000Z,1717313.88274078
268,RAD,71,dao|coinbase-ventures-portfolio|fabric-ventures-portfolio|placeholder-ventures-portfolio|web3,99999620.0,48829111.56634565,,,,2023-03-27T00:40:00.000Z,15575922.24422804
269,VGX,37,asset-management|wallet|algorand-ecosystem,279387971.0,278482214.1856918,,,,2023-03-27T00:40:00.000Z,20965852.75996684
270,ONG,59,ontology-ecosystem,1000000000.0,337692170.8174432,,,,2023-03-27T00:40:00.000Z,1701163.27610699
271,PYR,82,collectibles-nfts|gaming|entertainment|metaverse,50000000.0,27182227.0,,,,2023-03-27T00:40:00.000Z,4227018.8936594
272,NYM,45,privacy,1000000000.0,393939569.464319,325662533.0,80325643.07200693,,2023-03-27T00:40:00.000Z,1007517.20923645
273,CTSI,99,pos|platform|cosmos-ecosystem|scaling|smart-contracts|staking|dapp|ethereum-ecosystem|binance-smart-chain|rollups|sidechain|binance-launchpad|binance-labs-portfolio|arbitrum-ecosytem|injective-ecosystem|bnb-chain|optimism-ecosystem,1000000000.0,666373824.3024007,,,,2023-03-27T00:40:00.000Z,5080306.02331791
274,NU,89,polychain-capital-portfolio|arrington-xrp-capital-portfolio|coinfund-portfolio|kenetic-capital-portfolio|web3,1380688920.0,703000000.0,,,,2023-03-27T00:40:00.000Z,73662164.26865749
275,REQ,97,medium-of-exchange|defi|payments|smart-contracts,999877117.0,999830316.0398655,999877117.0,95774675.1059169,,2023-03-27T00:40:00.000Z,1517618.45823911
276,ANT,121,platform|enterprise-solutions|dao|ethereum-ecosystem|governance|boostvc-portfolio|placeholder-ventures-portfolio|web3,,40029851.92983684,43166031.0,103062427.28784376,,2023-03-27T00:40:00.000Z,6614852.16782691
277,USDX,13,stablecoin|algorithmic-stablecoin|usd-stablecoin,,111567264.0,,,,2023-03-27T00:40:00.000Z,649786.41759491
278,HOOK,39,binance-launchpad,,50000000.0,,,,2023-03-27T00:40:00.000Z,30248541.8470771
279,GAL,102,mvb|spartan-group,200000000.0,54267332.69909333,,,,2023-03-27T00:40:00.000Z,10264051.70399488
280,REP,100,platform|defi|oracles|prediction-markets|reputation|storage|1confirmation-portfolio|pantera-capital-portfolio|multicoin-capital-portfolio|polygon-ecosystem,,11000000.0,,,65.12254731,2023-03-27T00:40:00.000Z,5789484.77713186
281,DKA,16,ai-big-data,5000000000.0,2495833333.0,,,,2023-03-27T00:40:00.000Z,1280555.45822774
282,DERO,11,mineable|privacy|smart-contracts,21000000.0,13402323.0,,,,2023-03-27T00:40:00.000Z,251297.33486402
283,MVL,11,ethereum-ecosystem|binance-chain,30000000000.0,22702958863.0,,,,2023-03-27T00:40:00.000Z,462285.56756954
284,DESO,12,communications-social-media|arrington-xrp-capital-portfolio,10808492.0,8884536.0,10532253.0,107321961.22430289,,2023-03-27T00:40:00.000Z,255824.84452701
285,HUM,8,,,913409274.0,112500000.0,11119921.392392904,,2023-03-27T00:40:00.000Z,345096.17446304
286,BNT,334,marketplace|decentralized-exchange-dex-token|defi|payments|scaling|amm|kenetic-capital-portfolio|arbitrum-ecosytem,,161375003.98215368,,,0.84779653,2023-03-27T00:40:00.000Z,4050971.72289482
287,ERG,19,mineable|pow|platform|dapp|cardano-ecosystem|cardano,97739924.0,58638426.0,67448517.0,103245655.17338383,,2023-03-27T00:40:00.000Z,217661.60799244
288,ABBC,78,dpos|platform|payments,1500000000.0,1212345466.4201288,,,,2023-03-27T00:40:00.000Z,19202270.41800241
289,STPT,50,defi|payments,1942420283.0,1844503611.027067,1844503611.0,89628997.47135492,,2023-03-27T00:40:00.000Z,6552346.35201062
290,ARDR,29,platform|enterprise-solutions|state-channel,998999495.0,998999495.0,,,,2023-03-27T00:40:00.000Z,1690720.33050069
291,STEEM,38,media|content-creation|web3,,430131503.471,,,,2023-03-27T00:40:00.000Z,52899629.51529589
292,ORBS,55,services|enterprise-solutions,,2876767038.89,,,,2023-03-27T00:40:00.000Z,1069640.75267429
293,PROM,39,bnb-chain,,18250000.0,18250000.0,88575332.54070134,,2023-03-27T00:40:00.000Z,2768224.76489383
294,MBOX,98,collectibles-nfts|defi|gaming|yield-farming|metaverse|play-to-earn|bnb-chain,1000000000.0,185036604.0,185036405.0,88344744.6632151,,2023-03-27T00:40:00.000Z,5754713.18924105
295,POWR,78,energy|sharing-economy,1000000000.0,480207724.936599,481021125.39,88049771.74264088,,2023-03-27T00:40:00.000Z,2607100.09335628
296,MNW,27,logistics|payments,47897218.0,47180013.8588,,,,2023-03-27T00:40:00.000Z,300831.74009281
297,COTI,108,defi|fantom-ecosystem|cardano-ecosystem|arbitrum-ecosytem|cardano|bnb-chain,2000000000.0,1176271233.07,868672118.03,64443555.19089422,,2023-03-27T00:40:00.000Z,5855858.70789543
298,WILD,30,vr-ar|collectibles-nfts|gaming|metaverse|polkastarter|animoca-brands-portfolio|skyvision-capital-portfolio,500000000.0,246368685.71,,,,2023-03-27T00:40:00.000Z,620818.33715573
299,VBG,3,,1000000000.0,142851017.0,,,,2023-03-27T00:40:00.000Z,1102187.26224311
300,STRAX,32,hybrid-pow-pos|poa|platform|enterprise-solutions|masternodes|smart-contracts|staking|dao|sidechain,,147463029.4059887,,,,2023-03-27T00:40:00.000Z,18548850.89489231
301,TRU,60,defi|ethereum-ecosystem|yield-farming|avalanche-ecosystem|lending-borowing,1450000000.0,982855711.9328972,,,68.34108293,2023-03-27T00:40:00.000Z,15940149.55130244
302,VTHO,49,,,60652905374.0,60652699038.0,83410129.75522482,,2023-03-27T00:40:00.000Z,1217477.62525662
303,MTL,73,medium-of-exchange|payments,66588888.0,66588888.0,,,,2023-03-27T00:40:00.000Z,20058999.30469802
304,XPLA,8,,2000000000.0,139915720.0,149118222.81055227,88032230.26066196,,2023-03-27T00:40:00.000Z,3366938.72311946
305,CEL,89,lending-borowing|exnetwork-capital-portfolio,695658160.0,238863519.826,510732063.0,176217329.80421686,,2023-03-27T00:40:00.000Z,1075579.46887346
306,ALPHA,109,defi|yield-farming|yield-aggregator|binance-launchpool|binance-launchpad|defiance-capital-portfolio|alameda-research-portfolio|multicoin-capital-portfolio|spartan-group|injective-ecosystem|bnb-chain|optimism-ecosystem,1000000000.0,773999999.9999999,,,,2023-03-27T00:40:00.000Z,2122002.69689233
307,AVINOC,14,,,389244472.194085,,,,2023-03-27T00:40:00.000Z,264961.19325055
308,WIN,97,oracles|tron-ecosystem|binance-launchpad|binance-labs-portfolio|bnb-chain,999000000000.0,961737300000.0,,,,2023-03-27T00:40:00.000Z,8142496.54113049
309,MRS,3,,1000000000.0,62850000.0,,,,2023-03-27T00:40:00.000Z,102783.99151405
310,IQ,49,media|ai-big-data|content-creation|ethereum-ecosystem,21000000000.0,12521015157.0,13098383539.0,83898346.73634359,,2023-03-27T00:40:00.000Z,2312210.76941013
311,FX,27,hardware,1893022625.0,408520357.0,,,,2023-03-27T00:40:00.000Z,133722.56590242
312,DUSK,75,marketplace|privacy|zero-knowledge-proofs|smart-contracts,1000000000.0,413864409.31632507,380663707.0,73140993.49366973,,2023-03-27T00:40:00.000Z,9500900.44882051
313,NKN,63,mineable|platform|enterprise-solutions|distributed-computing|iot|web3,1000000000.0,754831361.6775341,601333312.0,63316131.45039558,,2023-03-27T00:40:00.000Z,3661859.07006973
314,PHA,65,ai-big-data|privacy|interoperability|oracles|smart-contracts|ethereum-ecosystem|substrate|polkadot|polkadot-ecosystem|rollups|web3,1000000000.0,528483525.51344377,,,,2023-03-27T00:40:00.000Z,2842593.14206804
315,VOLT,55,medium-of-exchange|collectibles-nfts|gaming|memes|payments|ethereum-ecosystem|binance-smart-chain|polygon-ecosystem|doggone-doggerel,69000000000000.0,54766287142827.0,2716436521541.19,3921866.578552609,,2023-03-27T00:40:00.000Z,19003211.93970129
316,DODO,128,decentralized-exchange-dex-token|defi|coinbase-ventures-portfolio|three-arrows-capital-portfolio|cms-holdings-portfolio|defiance-capital-portfolio|framework-ventures-portfolio|alameda-research-portfolio|pantera-capital-portfolio|exnetwork-capital-portfolio|arbitrum-ecosytem|bnb-chain,1000000000.0,455104664.54481363,,,1.95886004,2023-03-27T00:40:00.000Z,14578846.81166781
317,LOOM,69,platform|cosmos-ecosystem|enterprise-solutions|scaling|injective-ecosystem|bnb-chain,,1132425697.5790398,,,,2023-03-27T00:40:00.000Z,27823611.93875514
318,CQT,41,ai-big-data|enterprise-solutions|defi|polkadot-ecosystem|avalanche-ecosystem|fantom-ecosystem|near-protocol-ecosystem|injective-ecosystem,1000000000.0,517620038.14174604,,,,2023-03-27T00:40:00.000Z,954500.6123856
319,POND,70,scaling|web3|injective-ecosystem,10000000000.0,8087375977.0,,,,2023-03-27T00:40:00.000Z,3576161.77471273
320,XCAD,54,communications-social-media|collectibles-nfts|content-creation,199105531.0,40421708.24450055,24308236.0,45564925.40269823,,2023-03-27T00:40:00.000Z,2499622.9516052
321,CTC,20,,2000000000.0,212464279.0,,,,2023-03-27T00:40:00.000Z,6984094.48699185
322,MDX,137,decentralized-exchange-dex-token|defi|yield-farming|amm|heco-ecosystem|bnb-chain,,950214144.06383,,,,2023-03-27T00:40:00.000Z,7106937.23598277
323,SPELL,315,olympus-pro-ecosystem|arbitrum-ecosytem|defi-2|protocol-owned-liquidity,196008739620.0,107405628968.52492,,,,2023-03-27T00:40:00.000Z,5227057.51901085
324,MLK,8,bnb-chain,,272068570.40710044,,,,2023-03-27T00:40:00.000Z,1293200.1974127
325,SAITAMA,27,,100000000000.0,38605752722.0,44741892503.0,84699598.48504683,,2023-03-27T00:40:00.000Z,1770693.93095307
326,AURA,17,,100000000.0,24606098.28162542,3686237.0,10922863.128485017,,2023-03-27T00:40:00.000Z,1186367.20725423
327,CEEK,87,vr-ar|collectibles-nfts|music|metaverse|bnb-chain,1000000000.0,805717779.245471,,,,2023-03-27T00:40:00.000Z,6955704.44315166
328,ALICE,153,collectibles-nfts|gaming|entertainment|metaverse|dao-maker|exnetwork-capital-portfolio|chromia-ecosystem|play-to-earn,100000000.0,48068157.27,,,,2023-03-27T00:40:00.000Z,12439032.1630516
329,FUN,45,gambling|marketplace|payments|pantera-capital-portfolio,,10962808529.398026,10945357176.0,72132275.20559353,,2023-03-27T00:40:00.000Z,738887.38356963
330,XVS,113,defi|yield-farming|binance-launchpool|lending-borowing|bnb-chain,29745110.0,14809865.430683,,,0.08420514,2023-03-27T00:40:00.000Z,1448192.58820633
331,QKC,38,marketplace|payments,10000000000.0,6399906497.0,5302462976.0,58758642.60296138,,2023-03-27T00:40:00.000Z,3364013.34681091
332,HIGH,72,vr-ar|ethereum-ecosystem|solana-ecosystem|metaverse|bullperks-launchpad|animoca-brands-portfolio|skyvision-capital-portfolio,100000000.0,33324714.4976522,20304000.0,42890451.48984488,,2023-03-27T00:40:00.000Z,13347302.49356453
333,TSUKA,27,memes,1000000000.0,1000000000.0,,,,2023-03-27T00:40:00.000Z,2990706.02960643
334,SOLO,31,,400000000.0,399947699.0,399870594.0,70173194.9767431,,2023-03-27T00:40:00.000Z,854409.33915312
335,CTK,44,cybersecurity|cosmos-ecosystem|enterprise-solutions|interoperability|scaling|smart-contracts|binance-launchpool|binance-labs-portfolio|arrington-xrp-capital-portfolio|kenetic-capital-portfolio|injective-ecosystem|bnb-chain,,90536523.20222,,,,2023-03-27T00:40:00.000Z,2075359.484127
336,WMT,26,cardano-ecosystem|cardano,2000000000.0,378756334.268978,378756334.268978,69841806.56453748,,2023-03-27T00:40:00.000Z,745104.6539642
337,WNXM,75,insurance|wrapped-tokens,2896294.0,2896294.0,,,,2023-03-27T00:40:00.000Z,7096191.5300129
338,ARRR,17,mineable|hybrid-dpow-pow|medium-of-exchange|privacy|zero-knowledge-proofs,200000000.0,195953595.13476,,,,2023-03-27T00:40:00.000Z,136688.55779208
339,BSW,122,collectibles-nfts|decentralized-exchange-dex-token|defi|gaming|staking|yield-farming|amm|dex|metaverse|play-to-earn|bnb-chain,700000000.0,373023661.0,136010239.0,25197670.86588985,,2023-03-27T00:40:00.000Z,3810293.45436551
340,DEL,16,staking,92075616000.0,2913631052.0,70741275.0,1674876.6205308721,,2023-03-27T00:40:00.000Z,215319.14068309
341,RLY,64,yield-farming|social-token|social-money|coinbase-ventures-portfolio|kenetic-capital-portfolio|ledgerprime-portfolio|a16z-portfolio,15000000000.0,4915604821.464382,,,,2023-03-27T00:40:00.000Z,1610786.52808594
342,VERI,4,services,,2149646.44,,,,2023-03-27T00:40:00.000Z,3004.14368996
343,BFC,14,platform|interoperability|avalanche-ecosystem|exnetwork-capital-portfolio|vbc-ventures-portfolio,2368584074.0,1088467441.0,466758274.0,29351374.754777268,,2023-03-27T00:40:00.000Z,258993.27776686
344,DAG,12,dag|platform|payments|smart-contracts,3693588685.0,1266911931.0440834,2320488685.0,124410290.59258673,,2023-03-27T00:40:00.000Z,637550.98444205
345,XYO,58,logistics|oracles|ethereum-ecosystem|metaverse|play-to-earn|web3,,12844821265.9205,,,,2023-03-27T00:40:00.000Z,622615.09093981
346,LOOKS,84,collectibles-nfts,1000000000.0,469539051.875,,,,2023-03-27T00:40:00.000Z,4323620.95929734
347,UOS,44,platform|collectibles-nfts|gaming|payments|metaverse,,303793577.7977,,,,2023-03-27T00:40:00.000Z,900395.1972349
348,TLM,107,collectibles-nfts|gaming|entertainment|dao|metaverse|play-to-earn|animoca-brands-portfolio|bnb-chain,10000000000.0,3478366573.1688,914030370.0,17448863.892316736,,2023-03-27T00:40:00.000Z,4527192.63341212
349,ACA,41,defi|substrate|polkadot|polkadot-ecosystem|arrington-xrp-capital-portfolio|spartan-group|injective-ecosystem,1000000000.0,613061111.0,,,,2023-03-27T00:40:00.000Z,3446286.13092272
350,XSGD,49,stablecoin|asset-backed-stablecoin|zilliqa-ecosystem,,87691259.501568,,,,2023-03-27T00:40:00.000Z,511046.36034588
351,PENDLE,30,olympus-pro-ecosystem|spartan-group,251061124.0,199704450.02911192,,,,2023-03-27T00:40:00.000Z,719653.44032046
352,VRA,81,ai-big-data|collectibles-nfts|gaming|entertainment|payments|staking|video|metaverse,110305680354.0,10305680354.0,10305680354.0,64371410.6135683,,2023-03-27T00:40:00.000Z,11316005.94364208
353,RACA,144,collectibles-nfts|gaming|metaverse|play-to-earn|mvb|bnb-chain,500000000000.0,331047171074.6395,331047171074.6395,64265092.9348061,,2023-03-27T00:40:00.000Z,2350758.52384341
354,WRX,73,centralized-exchange|algorand-ecosystem|binance-launchpad|injective-ecosystem,,381856872.3419691,,,,2023-03-27T00:40:00.000Z,590548.13519262
355,GRV,18,,100000000.0,95083335.0,99049999.75,66684108.212938905,,2023-03-27T00:40:00.000Z,12780366.41001092
356,LCX,78,,,771584751.0,,,,2023-03-27T00:40:00.000Z,730494.42905147
357,ORC,21,,1000000000.0,639864544.8929504,,,,2023-03-27T00:40:00.000Z,152084.88047246
358,LAT,27,ai-big-data,,3675209419.1625443,255463179.2,4296537.034170892,,2023-03-27T00:40:00.000Z,2239429.31764572
359,CCD,11,,,6836607809.0,,,,2023-03-27T00:40:00.000Z,699950.02835828
360,MIM,2,,1000000000.0,33800000.0,33800000.0,61353124.99040065,,2023-03-27T00:40:00.000Z,453337.5865604
361,XPRT,21,dpos|cosmos-ecosystem|defi|liquid-staking-derivatives,,158883523.228746,,,,2023-03-27T00:40:00.000Z,640829.11040108
362,AXEL,3,filesharing,1000000000.0,283102718.0006794,262740225.0,55898501.88071773,,2023-03-27T00:40:00.000Z,67684.53673994
363,CORE,9,defi|dao|governance,,10000.0,,,,2023-03-27T00:40:00.000Z,2180.41935986
364,YGG,110,collectibles-nfts|gaming|entertainment|dao|metaverse|a16z-portfolio|play-to-earn|animoca-brands-portfolio|gaming-guild|okex-blockdream-ventures-portfolio,1000000000.0,224918947.1788224,87906250.0,23144924.404787447,,2023-03-27T00:40:00.000Z,16970160.90891859
365,vBUSD,3,stablecoin|bnb-chain,,2694770470.0,,,,2023-03-27T00:40:00.000Z,11289746.49506972
366,SRM,179,decentralized-exchange-dex-token|defi|derivatives|smart-contracts|staking|solana-ecosystem|cms-holdings-portfolio|coinfund-portfolio|kenetic-capital-portfolio|alameda-research-portfolio|exnetwork-capital-portfolio,10161000000.0,263244669.0,125000000.0,28094543.779925786,101.02037428,2023-03-27T00:40:00.000Z,24614983.31593886
367,REEF,135,hybrid-pow-npos|media|enterprise-solutions|gaming|entertainment|payments|wallet|binance-launchpool|metaverse|web3|reef-chain,,22411397690.0,,,,2023-03-27T00:40:00.000Z,7256272.45283881
368,OXT,83,polychain-capital-portfolio|blockchain-capital-portfolio|fabric-ventures-portfolio|kenetic-capital-portfolio|a16z-portfolio|web3,,690690083.7746798,,,,2023-03-27T00:40:00.000Z,1550862.97564165
369,FNCY,3,,2000000000.0,789668131.7472074,789669191.7472074,58833553.635857366,,2023-03-27T00:40:00.000Z,104474.80054132
370,SUN,72,tron-ecosystem,,9218630472.0,,,,2023-03-27T00:40:00.000Z,11774866.31870739
371,STRK,14,defi,6540888.0,3644088.73717427,,,,2023-03-27T00:40:00.000Z,56846181.31384585
372,BETA,57,binance-launchpad|defiance-capital-portfolio|multicoin-capital-portfolio|parafi-capital|spartan-group,1000000000.0,646969697.0,,,,2023-03-27T00:40:00.000Z,2743762.06442476
373,QUACK,27,bnb-chain,1e+17,4.40859612741523e+16,,,,2023-03-27T00:40:00.000Z,810194.37315912
374,TOMO,65,platform|alameda-research-portfolio|injective-ecosystem,,94774500.0,,,,2023-03-27T00:40:00.000Z,10539249.93835205
375,PERP,103,decentralized-exchange-dex-token|defi|derivatives|scaling|amm|three-arrows-capital-portfolio|cms-holdings-portfolio|alameda-research-portfolio|multicoin-capital-portfolio|arbitrum-ecosytem|optimism-ecosystem,,66002156.95,,,,2023-03-27T00:40:00.000Z,6373382.62894115
376,OGN,119,collectibles-nfts|defi|kenetic-capital-portfolio|pantera-capital-portfolio,1000000000.0,509642024.0,,,,2023-03-27T00:40:00.000Z,4721524.41932479
377,NVIR,11,,10700000000.0,968776122.0803003,,,,2023-03-27T00:40:00.000Z,2137990.59689988
378,STMX,59,media|loyalty,12500000000.0,10000000000.0,,,,2023-03-27T00:40:00.000Z,3995866.55284242
379,QLC,9,,,600000000.0,,,,2023-03-27T00:40:00.000Z,5642712.56406788
380,BADGER,117,defi|dao|yield-farming|yield-aggregator|governance|blockchain-capital-portfolio|arbitrum-ecosytem|btc-ecosystem,21000000.0,19165608.01846197,,,1.41144335,2023-03-27T00:40:00.000Z,4844883.16299144
381,ankrETH,15,eth-2-staking,0.0,29330.0,,,,2023-03-27T00:40:00.000Z,154129.71931411
382,DAWN,13,cosmos-ecosystem|gaming|injective-ecosystem,93468683.0,74464266.09522189,,,,2023-03-27T00:40:00.000Z,3182124.93439121
383,TKO,60,centralized-exchange|binance-launchpad|bnb-chain,500000000.0,160563663.13841677,,,,2023-03-27T00:40:00.000Z,3274632.83838414
384,ATA,62,binance-launchpool|bnb-chain,,362244797.85714287,,,,2023-03-27T00:40:00.000Z,3006329.35805269
385,MFT,49,platform|content-creation|smart-contracts|kenetic-capital-portfolio,10000000000.0,10000000000.0,,,,2023-03-27T00:40:00.000Z,650028.83724243
386,ARK,30,dpos|marketplace|payments|state-channel|polygon-ecosystem,,169776776.0,171897414.0,55922474.33133355,,2023-03-27T00:40:00.000Z,1105609.88258532
387,VAI,68,defi|stablecoin|asset-backed-stablecoin|bnb-chain|usd-stablecoin,0.0,57498554.0,,,,2023-03-27T00:40:00.000Z,17525.87448288
388,MOVR,40,interoperability|smart-contracts|polkadot-ecosystem|moonriver-ecosystem,,6663132.0,,,,2023-03-27T00:40:00.000Z,2136524.5857942
389,MXC,36,iot|substrate|polkadot-ecosystem,2664965800.0,2642132371.4,,,,2023-03-27T00:40:00.000Z,1663910.370585
390,IRIS,39,cosmos-ecosystem|injective-ecosystem,,1445156853.991405,,,,2023-03-27T00:40:00.000Z,2604527.98193141
391,RSS3,40,coinbase-ventures-portfolio|dragonfly-capital-portfolio|fabric-ventures-portfolio|hashkey-capital-portfolio|huobi-capital-portfolio,1000000000.0,365713273.88758725,339388556.55,49539657.356899984,,2023-03-27T00:40:00.000Z,1010485.75270269
392,NEST,48,defi|oracles,10000000000.0,2911743948.0,1832813324.0,33545503.908777993,,2023-03-27T00:40:00.000Z,800252.51935823
393,DAR,96,collectibles-nfts|gaming|metaverse|chromia-ecosystem|play-to-earn|animoca-brands-portfolio,800000000.0,310491258.0,,,,2023-03-27T00:40:00.000Z,10742994.67964499
394,AERGO,35,platform|enterprise-solutions|smart-contracts,500000000.0,429999999.7589212,,,,2023-03-27T00:40:00.000Z,1965045.23118494
395,WAN,31,marketplace|enterprise-solutions|defi|interoperability,210000000.0,196316789.07908514,,,,2023-03-27T00:40:00.000Z,747667.65839449
396,CBK,10,,100000000.0,72386801.0,72386801.0,52835471.94480485,,2023-03-27T00:40:00.000Z,1029105.18712486
397,SFUND,45,gaming|launchpad|polygon-ecosystem|play-to-earn|bnb-chain,100000000.0,48230251.72626599,10933308.0,11926855.184880551,,2023-03-27T00:40:00.000Z,2132175.55300328
398,SSX,18,,5000000000.0,2751354821.0,,,,2023-03-27T00:40:00.000Z,446328.14284488
399,META,9,platform|identity|kenetic-capital-portfolio,,1687369624.0,,,,2023-03-27T00:40:00.000Z,540814.73073008
400,KLV,54,wallet,10000000000.0,8880780406.65482,8967127494.995216,52194741.1576948,,2023-03-27T00:40:00.000Z,1463346.13542244
401,ARPA,97,scaling|arrington-xrp-capital-portfolio,2000000000.0,1242888889.0,,,,2023-03-27T00:40:00.000Z,9671147.51630056
402,AMPL,51,defi|algorithmic-stablecoin|rebase|avalanche-ecosystem|arrington-xrp-capital-portfolio|alameda-research-portfolio|pantera-capital-portfolio|spartan-group,395345189.0,46031112.88317652,,,,2023-03-27T00:40:00.000Z,198804.63634116
403,VLX,68,,,2430238459.1234856,2430238459.3046346,51162534.24291921,,2023-03-27T00:40:00.000Z,868666.36230827
404,MBL,27,media|content-creation|video,30000000000.0,15732039555.0,15732039555.0,51108661.09495948,,2023-03-27T00:40:00.000Z,1056390.85680786
405,GHST,136,collectibles-nfts|gaming|dao|governance|metaverse|polygon-ecosystem|play-to-earn,,45096312.08270881,,,,2023-03-27T00:40:00.000Z,3599143.36089113
406,CTXC,35,mineable|platform|ai-big-data|iot|smart-contracts|kenetic-capital-portfolio,299792458.0,210059164.28125,,,,2023-03-27T00:40:00.000Z,4512570.00534999
407,MTRG,24,defi|interoperability|bnb-chain,,16948600.0,16948600.0,50819779.04158913,,2023-03-27T00:40:00.000Z,157171.32020499
408,KEY,55,platform|ai-big-data|enterprise-solutions|identity,6000000000.0,5304969445.705637,,,,2023-03-27T00:40:00.000Z,14217543.93472326
409,RKN,6,,285714286.0,242857143.0,,,,2023-03-27T00:40:00.000Z,5417.65829413
410,VEGA,27,pos|defi|derivatives|coinbase-ventures-portfolio,64999723.0,45643916.25475781,45643916.254757814,50661929.659982644,,2023-03-27T00:40:00.000Z,537308.56576353
411,FORTH,75,dao|governance|near-protocol-ecosystem,0.0,15259209.64460789,,,,2023-03-27T00:40:00.000Z,1196268.99801561
412,GODS,45,collectibles-nfts|gaming|entertainment|ethereum-ecosystem|metaverse|play-to-earn|okex-blockdream-ventures-portfolio,500000000.0,209191179.7169,141730769.0,34008613.96392698,,2023-03-27T00:40:00.000Z,4471107.49293532
413,QUICK,278,decentralized-exchange-dex-token|defi|yield-farming|amm|polygon-ecosystem,1000000.0,513997.0,325000.0,31689506.659588896,0.31917789,2023-03-27T00:40:00.000Z,17829267.74771101
414,CBG,5,,10000000000.0,33000000.0,503420200.0,743555727.682669,,2023-03-27T00:40:00.000Z,19751.27805987
415,BITCI,64,centralized-exchange,100000000000.0,7708828412.0,7708828412.0,48143580.08664271,,2023-03-27T00:40:00.000Z,548287.2928855
416,LINA,92,decentralized-exchange-dex-token|defi|yield-farming|polkadot-ecosystem|binance-launchpad|cms-holdings-portfolio|kenetic-capital-portfolio|alameda-research-portfolio|bnb-chain,10000000000.0,4877033338.601409,4877033338.601409,48115912.72180236,,2023-03-27T00:40:00.000Z,16619880.58883966
417,WVLX,38,,,2279175680.382793,,,,2023-03-27T00:40:00.000Z,3417.95051476
418,GFT,52,media|loyalty|content-creation|binance-launchpad|pantera-capital-portfolio,,999271531.58001,,,,2023-03-27T00:40:00.000Z,10397468.47310108
419,SUPER,86,collectibles-nfts|launchpad|polkastarter|exnetwork-capital-portfolio|superstarter|polygon-ecosystem|animoca-brands-portfolio|injective-ecosystem|bnb-chain,1000000000.0,403829654.41691726,,,,2023-03-27T00:40:00.000Z,2110483.05356619
420,AOG,9,,2700000000.0,73780484.400826,,,,2023-03-27T00:40:00.000Z,72475.21105781
421,COL,4,,1000000000.0,82024400.0,,,,2023-03-27T00:40:00.000Z,127748.09866567
422,UTK,54,cybersecurity|payments|smart-contracts|elrond-ecosystem,500000000.0,500000000.0,,,,2023-03-27T00:40:00.000Z,1985942.55167226
423,XWC,14,platform|interoperability|staking|rpos,1000000000.0,764324623.4110321,,,,2023-03-27T00:40:00.000Z,702507.6983977
424,C98,123,wallet|binance-launchpad|solana-ecosystem|celo-ecosystem|spartan-group|injective-ecosystem|bnb-chain,1000000000.0,216944443.6,,,,2023-03-27T00:40:00.000Z,9652190.82846559
425,XVG,56,mineable|multiple-algorithms|medium-of-exchange|privacy,16555000000.0,16518275675.323189,,,,2023-03-27T00:40:00.000Z,504161.45938041
426,EFI,60,collectibles-nfts|gaming|polkadot-ecosystem|metaverse|okex-blockdream-ventures-portfolio,2000000000.0,621129995.4452546,,,,2023-03-27T00:40:00.000Z,597125.60041424
427,ALPACA,103,defi|staking|yield-farming|yield-aggregator|governance|lending-borowing|polygon-ecosystem|fantom-ecosystem|bnb-chain,188000000.0,152404013.32447907,152404013.32447907,46543561.35323889,,2023-03-27T00:40:00.000Z,2716741.38829155
428,RAY,159,decentralized-exchange-dex-token|defi|amm|dex|solana-ecosystem|petrock-capital-portfolio,555000000.0,186905749.972835,,,1.22248022,2023-03-27T00:40:00.000Z,4027100.94606824
429,"FCT,FCT2",7,cosmos-ecosystem|injective-ecosystem,,640975319.149937,640975319.149937,45920016.51288529,,2023-03-27T00:40:00.000Z,9720438.26080018
430,TT,26,platform|kenetic-capital-portfolio|huobi-capital-portfolio|pantera-capital-portfolio,0.0,10170811423.0,10170811423.0,45625061.641702235,,2023-03-27T00:40:00.000Z,1215121.12120887
431,KSP,31,defi,126144000.0,54799370.0,27851345.0,23136452.91236272,,2023-03-27T00:40:00.000Z,338794.56892717
432,BLOK,50,metaverse|polkafoundry-red-kite|bullperks-launchpad|animoca-brands-portfolio|oxbull,199868396351.0,17536640676.0,13052608383.0,33273198.27814378,,2023-03-27T00:40:00.000Z,629521.68529307
433,LYRA,37,options|optimism-ecosystem,1000000000.0,318380003.43926024,65000000.0,9097107.580272796,,2023-03-27T00:40:00.000Z,340273.59777024
434,REV,23,platform|reputation|smart-contracts,,85061485689.83401,85061485690.0,43788458.48697545,,2023-03-27T00:40:00.000Z,177202.02610338
435,ZEON,9,,,30529103436.312363,,,,2023-03-27T00:40:00.000Z,32603.63955034
436,LTO,51,pos|platform|enterprise-solutions|collectibles-nfts|dao-maker|bnb-chain,500000000.0,412451579.4686036,412451473.51114357,43430114.048503496,,2023-03-27T00:40:00.000Z,1338099.65710163
437,MLN,81,asset-management|defi|kenetic-capital-portfolio|placeholder-ventures-portfolio,2069781.0,2038518.00115782,,,0.57332103,2023-03-27T00:40:00.000Z,1230730.53337638
438,DPI,36,defi|defi-index,,558983.42579149,571994.9636,44120018.56882577,,2023-03-27T00:40:00.000Z,38947.95503292
439,YFII,119,defi|dao|yield-farming|binance-chain|yield-aggregator|governance|bnb-chain,39375.0,38596.0,,,436.60958875,2023-03-27T00:40:00.000Z,8115409.85597299
440,HUNT,14,,199041991.0,110357398.888,198912688.0,76983980.74678357,,2023-03-27T00:40:00.000Z,2981922.28831498
441,BOBA,49,scaling|layer-2|rollups,500000000.0,171624231.86,152411751.0,37904923.49287292,,2023-03-27T00:40:00.000Z,1650376.60182755
442,SUSD,138,store-of-value|defi|stablecoin|algorithmic-stablecoin|synthetics|fantom-ecosystem|usd-stablecoin,142399574.0,42587516.63704031,,,,2023-03-27T00:40:00.000Z,2282224.74813886
443,PHB,29,retail|ai-big-data|enterprise-solutions|web3,,39768304.0,35888440.0,38390937.78498027,,2023-03-27T00:40:00.000Z,6858630.49514309
444,UQC,36,asset-management|commodities|marketplace|defi|e-commerce|payments|token|defi-2,,10000000.0,,,,2023-03-27T00:40:00.000Z,241783.0656202
445,FLM,40,defi|dao|yield-farming|binance-chain|binance-launchpool,,459528942.94488066,,,0.89400417,2023-03-27T00:40:00.000Z,1069718.43808387
446,POLS,94,defi|polkadot|polkadot-ecosystem|launchpad|bnb-chain,,99221432.0,,,,2023-03-27T00:40:00.000Z,1964008.1404338
447,BAX,8,platform|payments,63000000000.0,49853700000.003334,,,,2023-03-27T00:40:00.000Z,2308700.19120666
448,POLIS,27,collectibles-nfts|gaming|solana-ecosystem|metaverse|petrock-capital-portfolio|play-to-earn,360000000.0,153005849.2151,,,,2023-03-27T00:40:00.000Z,84283.08086289
449,CRE,13,retail|loyalty,,8790810726.756237,,,,2023-03-27T00:40:00.000Z,629320.4787978
450,TLOS,38,medium-of-exchange|services|enterprise-solutions|collectibles-nfts|defi|zero-knowledge-proofs|smart-contracts|bnb-chain,355208371.0,270123443.8443,313498442.9326,48093669.500592895,,2023-03-27T00:40:00.000Z,1033651.76579771
451,MDT,56,marketplace|ai-big-data,1000000000.0,676157012.5,,,,2023-03-27T00:40:00.000Z,12820925.46329083
452,ONUS,6,,100000000.0,97106390.0,37106390.0,15737068.26177213,,2023-03-27T00:40:00.000Z,787.20093638
453,CUSD,50,defi|stablecoin|algorithmic-stablecoin|celo-ecosystem|usd-stablecoin,1000000000000000.0,40739980.84207228,,,,2023-03-27T00:40:00.000Z,343276.58557463
454,LIT,55,ethereum-ecosystem|substrate|polkadot|polkadot-ecosystem|web3|injective-ecosystem,100000000.0,39619382.63,,,,2023-03-27T00:40:00.000Z,6937764.25167722
455,QOM,18,memes,1000000000000000.0,599886333333333.0,599999999999999.0,40337677.91805472,,2023-03-27T00:40:00.000Z,638448.53502701
456,TVK,48,collectibles-nfts|metaverse|exnetwork-capital-portfolio|polygon-ecosystem,1200000000.0,999021441.7738041,,,,2023-03-27T00:40:00.000Z,3994012.40636692
457,DG,7,,1000000000.0,217041086.01,221421929.00749993,40867582.30080207,,2023-03-27T00:40:00.000Z,0.0
458,RARE,70,marketplace|collectibles-nfts|dao,1000000000.0,345964284.309,,,,2023-03-27T00:40:00.000Z,2540153.63061324
459,DXD,16,defi|dao|governance|polygon-ecosystem|arbitrum-ecosytem,,49320.0,,,,2023-03-27T00:40:00.000Z,12127.36728087
460,VRSC,10,mineable|hybrid-pow-pos|defi|privacy|zero-knowledge-proofs|identity|interoperability|scaling|staking|amm,83540184.0,72777942.80542012,,,,2023-03-27T00:40:00.000Z,6827.56729981
461,MOC,2,,500000000.0,379623955.63,378302188.0,39225503.54903005,,2023-03-27T00:40:00.000Z,983893.01759532
462,BIFI,124,defi|yield-farming|yield-aggregator|governance|heco-ecosystem|avalanche-ecosystem|polygon-ecosystem|fantom-ecosystem|arbitrum-ecosytem|moonriver-ecosystem|bnb-chain|optimism-ecosystem,80000.0,80000.0,,,,2023-03-27T00:40:00.000Z,902378.31656735
463,HIFI,16,,,95012805.11,97686284.82446778,40371736.32959489,,2023-03-27T00:40:00.000Z,1733142.87566182
464,ETN,24,mineable|medium-of-exchange|wallet,21000000000.0,17942328386.35,,,,2023-03-27T00:40:00.000Z,42978.10091004
465,OPUL,29,music|algorand-ecosystem|trustswap-launchpad|spartan-group|real-world-assets,500000000.0,227564106.5301191,94835752.0,16252697.50513691,,2023-03-27T00:40:00.000Z,818505.05194338
466,PRO,16,real-estate|escrow|smart-contracts|arrington-xrp-capital-portfolio,,82050200.0,,,,2023-03-27T00:40:00.000Z,408271.65145187
467,UFO,37,platform|collectibles-nfts|gaming|metaverse|play-to-earn,25757575757575.0,25757575757575.5,25757575757575.0,38051978.43674862,,2023-03-27T00:40:00.000Z,761363.5726807
468,ALCX,83,defi|yield-farming|governance|lending-borowing|olympus-pro-ecosystem|defi-2|protocol-owned-liquidity|spartan-group,,1720622.66992304,,,0.74641654,2023-03-27T00:40:00.000Z,4119630.28011224
469,LOKA,48,collectibles-nfts|gaming|entertainment|ethereum-ecosystem|binance-launchpad|a16z-portfolio|polygon-ecosystem|skyvision-capital-portfolio,500000000.0,73874861.14654545,105542307.0,53507160.29515687,,2023-03-27T00:40:00.000Z,3907424.65603115
470,DFG,4,,1000000000.0,10000000.0,10000000.0,37432924.76833001,,2023-03-27T00:40:00.000Z,8806.18363568
471,ZBC,39,binance-smart-chain|coinbase-ventures-portfolio|solana-ecosystem|circle-ventures-portfolio,10000000000.0,2367295260.0,2672486395.0,42050712.616910584,,2023-03-27T00:40:00.000Z,9766530.68593626
472,NPT,10,,1000000000.0,27110229.0,,,,2023-03-27T00:40:00.000Z,700601.8935461
473,BAR,28,sports|fan-token|binance-launchpad|soccer,40000000.0,9405235.0,9405235.0,36537320.97769555,,2023-03-27T00:40:00.000Z,1845069.39099818
474,SWEAT,37,sports|collectibles-nfts|gaming|staking|near-protocol-ecosystem|move-to-earn,0.0,4132840765.181,4132848118.939,36473999.48160827,,2023-03-27T00:40:00.000Z,1311312.67588399
475,VELO,25,,30000000000.0,4984154058.0,4984154058.0,36347270.88094611,,2023-03-27T00:40:00.000Z,7002905.80189307
476,SDAO,44,ai-big-data|defi|poolz-finance-portfolio|exnetwork-capital-portfolio|cross-chain-dex-aggregator,100000000.0,56719692.0,,,,2023-03-27T00:40:00.000Z,2401125.45067135
477,BTM,63,mineable|platform|cosmos-ecosystem|payments|smart-contracts|polygon-ecosystem|injective-ecosystem|real-world-assets,2100000000.0,1789246837.5,,,,2023-03-27T00:40:00.000Z,421074.89520077
478,BAKE,155,collectibles-nfts|defi|gaming|binance-chain|amm|dex|bnb-chain,,193529265.3176896,7306054.0,1348928.870943224,,2023-03-27T00:40:00.000Z,3114279.17230071
479,WXT,23,asset-management|centralized-exchange|payments|mobile-payment,10000000000.0,10000000000.0,,,,2023-03-27T00:40:00.000Z,92589.3108079
480,IDEX,56,decentralized-exchange-dex-token|defi,,673858613.5007784,,,12.77323898,2023-03-27T00:40:00.000Z,10881087.59770159
481,AUCTION,49,defi|polkadot-ecosystem|bounce-launchpad|bnb-chain,10000000.0,6500000.0,4000000.0,21748041.833426956,,2023-03-27T00:40:00.000Z,799968.60886372
482,SBD,6,media|content-creation|stablecoin,,12048195.683,,,,2023-03-27T00:40:00.000Z,4365243.75344941
483,AKT,31,cosmos-ecosystem|storage|solana-ecosystem|web3|injective-ecosystem,388539008.0,113861304.115862,,,,2023-03-27T00:40:00.000Z,1101110.91926461
484,FIS,55,defi|substrate|polkadot|polkadot-ecosystem|exnetwork-capital-portfolio|injective-ecosystem|liquid-staking-derivatives,114911733.0,60452000.0,87400000.0,50772430.27662902,1.11187836,2023-03-27T00:40:00.000Z,17083754.39536641
485,GRS,29,mineable|pow|groestl|medium-of-exchange,105000000.0,82213403.88736624,,,,2023-03-27T00:40:00.000Z,8533722.19324284
486,ASD,6,centralized-exchange,,660615274.0,,,,2023-03-27T00:40:00.000Z,5046981.15624953
487,OUSD,15,defi|stablecoin|usd-stablecoin,,34867376.0,,,,2023-03-27T00:40:00.000Z,1467041.81471663
488,KP3R,75,defi|yearn-partnerships|fantom-ecosystem|olympus-pro-ecosystem,,425178.0,,,,2023-03-27T00:40:00.000Z,2197104.91481693
489,SWAP,60,defi|launchpad|avalanche-ecosystem,100000000.0,99995164.26708125,,,,2023-03-27T00:40:00.000Z,1515383.61915428
490,GAS,56,medium-of-exchange|payments|smart-contracts,100000000.0,10128375.105773,59083340.851,201801222.65083617,,2023-03-27T00:40:00.000Z,10739167.02861536
491,WAIT,4,,100000000.0,97959724.51775354,97959724.0,34572943.85174486,,2023-03-27T00:40:00.000Z,83027.49831647
492,PRE,18,platform|ai-big-data|crowdsourcing|search-engine,500000000.0,396578435.0,,,,2023-03-27T00:40:00.000Z,263117.03221571
493,DIA,76,platform|ai-big-data|defi|oracles|smart-contracts|ethereum-ecosystem|substrate|polkadot-ecosystem|avalanche-ecosystem|solana-ecosystem|exnetwork-capital-portfolio|polygon-ecosystem|fantom-ecosystem|web3|near-protocol-ecosystem|arbitrum-ecosytem|injective-ecosystem|bnb-chain,200000000.0,94287049.0,94287049.0,34290161.264901415,,2023-03-27T00:40:00.000Z,2170515.54485878
494,BTS,53,pos|sha-512|marketplace|decentralized-exchange-dex-token|defi|synthetics,3600570502.0,2994881166.27975,,,,2023-03-27T00:40:00.000Z,431223.41911749
495,BCD,29,mineable|medium-of-exchange|payments|btc-ecosystem,210000000.0,186492897.953,,,,2023-03-27T00:40:00.000Z,70767.76569982
496,DF,52,defi|arbitrum-ecosytem|optimism-ecosystem,999934977.0,432032331.945122,446559033.6275177,34795214.24273639,0.78951673,2023-03-27T00:40:00.000Z,11654003.66392887
497,EUROC,26,stablecoin|ethereum-ecosystem|eur-stablecoin,,31061683.66,,,,2023-03-27T00:40:00.000Z,520952.4285156
498,WNCG,28,binance-labs-portfolio|animoca-brands-portfolio|skyvision-capital-portfolio,1000000000.0,239576865.18,239576755.18,33421688.12057316,,2023-03-27T00:40:00.000Z,411144.86619178
499,CHESS,66,defi|derivatives|staking|yield-farming|binance-smart-chain|three-arrows-capital-portfolio|governance|binance-labs-portfolio|mvb|bnb-chain|liquid-staking-derivatives,300000000.0,116541943.0,,,0.55729334,2023-03-27T00:40:00.000Z,12918863.35664392
500,ATLAS,42,collectibles-nfts|gaming|solana-ecosystem|metaverse|petrock-capital-portfolio|play-to-earn,36000000000.0,9803356511.0,,,,2023-03-27T00:40:00.000Z,1183060.59694268
